request_id,mode,seat_id,status,result,attempts,enqueued_at,worker_started_at,completed_at,processing_seconds,end_to_end_seconds,error
87f2bb66-0435-49ff-b7c3-87e0e253033a,numbered,49167,completed,sold,1,2026-06-08 16:19:53.436126+00,2026-06-08 16:19:53.45885+00,2026-06-08 16:19:53.563425+00,0.104575,0.127299,
eefa09a1-d697-44b7-a978-9d9dde0f60bd,numbered,53383,completed,sold,1,2026-06-08 16:19:53.476175+00,2026-06-08 16:19:53.500669+00,2026-06-08 16:19:53.605931+00,0.105262,0.129756,
b9a2b77e-dae4-4fbb-a9e7-899357502b14,numbered,59101,completed,sold,1,2026-06-08 16:19:53.517978+00,2026-06-08 16:19:53.54025+00,2026-06-08 16:19:53.644953+00,0.104703,0.126975,
fd61095a-ef21-4239-b430-2ca6ffbdb279,numbered,61578,completed,sold,1,2026-06-08 16:19:53.559678+00,2026-06-08 16:19:53.58212+00,2026-06-08 16:19:53.686945+00,0.104825,0.127267,
932c3a00-0eb5-436c-b76d-6d445337e651,numbered,85653,completed,sold,1,2026-06-08 16:19:53.601199+00,2026-06-08 16:19:53.622971+00,2026-06-08 16:19:53.727568+00,0.104597,0.126369,
71d2aa88-5c6b-44d1-bb21-cc6a4626c6ac,numbered,87815,completed,sold,1,2026-06-08 16:19:53.643774+00,2026-06-08 16:19:53.669079+00,2026-06-08 16:19:53.774577+00,0.105498,0.130803,
e6119e2e-48ec-4b9e-8b7b-6e75e3aa12dc,numbered,17718,completed,sold,1,2026-06-08 16:19:53.684726+00,2026-06-08 16:19:53.706979+00,2026-06-08 16:19:53.811554+00,0.104575,0.126828,
403f0136-d5c7-4f95-ab01-5a41475bf8bf,numbered,98245,completed,sold,1,2026-06-08 16:19:53.726026+00,2026-06-08 16:19:53.74899+00,2026-06-08 16:19:53.853896+00,0.104906,0.127870,
5c3ddba1-c00f-4285-91fe-acd88d450b07,numbered,59059,completed,sold,1,2026-06-08 16:19:53.767816+00,2026-06-08 16:19:53.790278+00,2026-06-08 16:19:53.895123+00,0.104845,0.127307,
1f0d256b-ad7f-4074-9b9a-49af63258cf7,numbered,16835,completed,sold,1,2026-06-08 16:19:53.809484+00,2026-06-08 16:19:53.834514+00,2026-06-08 16:19:53.939927+00,0.105413,0.130443,
edb4dc04-f3c1-4d68-99a2-234b94695d1b,numbered,95477,completed,sold,1,2026-06-08 16:19:53.851138+00,2026-06-08 16:19:53.873186+00,2026-06-08 16:19:53.978047+00,0.104861,0.126909,
03442d2e-e0b4-4643-a64f-687f75f506cb,numbered,64878,completed,sold,1,2026-06-08 16:19:53.892677+00,2026-06-08 16:19:53.915231+00,2026-06-08 16:19:54.020012+00,0.104781,0.127335,
2151c0e1-1b6c-4429-8326-5ea553223b19,numbered,30842,completed,sold,1,2026-06-08 16:19:53.93446+00,2026-06-08 16:19:53.955628+00,2026-06-08 16:19:54.060451+00,0.104823,0.125991,
54e196b7-9349-40e6-9fb2-f1475596c152,numbered,55124,completed,sold,1,2026-06-08 16:19:53.975985+00,2026-06-08 16:19:54.000588+00,2026-06-08 16:19:54.105891+00,0.105303,0.129906,
4a93bb24-2a62-4f89-bd7b-e6b8f8d5fb7f,numbered,82022,completed,sold,1,2026-06-08 16:19:54.017639+00,2026-06-08 16:19:54.041111+00,2026-06-08 16:19:54.146018+00,0.104907,0.128379,
d50750a6-68f0-48fc-8e3b-80e6355b012a,numbered,11013,completed,sold,1,2026-06-08 16:19:54.059568+00,2026-06-08 16:19:54.081955+00,2026-06-08 16:19:54.186876+00,0.104921,0.127308,
9e42f036-4fa3-45d3-9880-ac3d1a1bc7a8,numbered,99629,completed,sold,1,2026-06-08 16:19:54.100963+00,2026-06-08 16:19:54.122739+00,2026-06-08 16:19:54.227508+00,0.104769,0.126545,
331ed24c-c115-48dc-b868-158466cf7f09,numbered,60116,completed,sold,1,2026-06-08 16:19:54.142767+00,2026-06-08 16:19:54.167923+00,2026-06-08 16:19:54.273612+00,0.105689,0.130845,
5bff18b6-36fb-4ea9-97da-fb1274205fa0,numbered,29409,completed,sold,1,2026-06-08 16:19:54.184661+00,2026-06-08 16:19:54.206435+00,2026-06-08 16:19:54.31128+00,0.104845,0.126619,
62d1df8a-0d3d-46f2-a5cf-e0e2803b2470,numbered,3881,completed,sold,1,2026-06-08 16:19:54.226601+00,2026-06-08 16:19:54.249469+00,2026-06-08 16:19:54.354449+00,0.104980,0.127848,
9c590573-a48a-429b-9045-1472ab876e88,numbered,41591,completed,sold,1,2026-06-08 16:19:54.267696+00,2026-06-08 16:19:54.288959+00,2026-06-08 16:19:54.393602+00,0.104643,0.125906,
96b73e2b-d3d7-41b7-aec5-4d05ce01a326,numbered,26816,completed,sold,1,2026-06-08 16:19:54.309434+00,2026-06-08 16:19:54.334229+00,2026-06-08 16:19:54.440119+00,0.105890,0.130685,
2a39e7f0-6885-4ac1-b2e4-110c5e276ada,numbered,9726,completed,sold,1,2026-06-08 16:19:54.351175+00,2026-06-08 16:19:54.373165+00,2026-06-08 16:19:54.47809+00,0.104925,0.126915,
1aef92e1-66ce-49c4-83c2-c2c8253cf872,numbered,84700,completed,sold,1,2026-06-08 16:19:54.392614+00,2026-06-08 16:19:54.415066+00,2026-06-08 16:19:54.519842+00,0.104776,0.127228,
1903cd33-c17f-4f7b-b9b3-a2336720b244,numbered,75134,completed,sold,1,2026-06-08 16:19:54.434303+00,2026-06-08 16:19:54.45509+00,2026-06-08 16:19:54.559865+00,0.104775,0.125562,
d2334854-5e90-4abc-a702-a337e5ae73f1,numbered,84802,completed,sold,1,2026-06-08 16:19:54.476063+00,2026-06-08 16:19:54.501086+00,2026-06-08 16:19:54.60624+00,0.105154,0.130177,
f12c9fa0-1bef-454c-8a0c-6a0357840af6,numbered,42893,completed,sold,1,2026-06-08 16:19:54.517558+00,2026-06-08 16:19:54.539594+00,2026-06-08 16:19:54.644014+00,0.104420,0.126456,
535bfd05-de42-4f9a-a6c0-d4a97bff0654,numbered,74112,completed,sold,1,2026-06-08 16:19:54.559392+00,2026-06-08 16:19:54.581027+00,2026-06-08 16:19:54.68592+00,0.104893,0.126528,
2678c524-be4b-4772-a187-9f7cd84d93ae,numbered,72678,completed,sold,1,2026-06-08 16:19:54.600973+00,2026-06-08 16:19:54.622823+00,2026-06-08 16:19:54.727624+00,0.104801,0.126651,
adce24a4-664f-4be6-b087-653be7e49741,numbered,82906,completed,sold,1,2026-06-08 16:19:54.642676+00,2026-06-08 16:19:54.667427+00,2026-06-08 16:19:54.772491+00,0.105064,0.129815,
c5f5a239-317c-4db7-8852-9fe59d63c8cc,numbered,78110,completed,sold,1,2026-06-08 16:19:54.684344+00,2026-06-08 16:19:54.706557+00,2026-06-08 16:19:54.811389+00,0.104832,0.127045,
76f25063-00a5-418e-8c50-5974cdc4edce,numbered,62762,completed,sold,1,2026-06-08 16:19:54.725946+00,2026-06-08 16:19:54.74832+00,2026-06-08 16:19:54.853078+00,0.104758,0.127132,
bf417dca-5bc8-4dcc-b3c0-bfc42dad1e70,numbered,10300,completed,sold,1,2026-06-08 16:19:54.767799+00,2026-06-08 16:19:54.790229+00,2026-06-08 16:19:54.895102+00,0.104873,0.127303,
1fbf2bd9-bd36-4cf5-a2a6-5a373c2ac3cf,numbered,20043,completed,sold,1,2026-06-08 16:19:54.809276+00,2026-06-08 16:19:54.833926+00,2026-06-08 16:19:54.939343+00,0.105417,0.130067,
244112ef-08ae-4099-aaaa-b10d06412507,numbered,23381,completed,sold,1,2026-06-08 16:19:54.850955+00,2026-06-08 16:19:54.872833+00,2026-06-08 16:19:54.97804+00,0.105207,0.127085,
3c7ba03d-81c5-43f6-ae5b-f9076f96dca0,numbered,11123,completed,sold,1,2026-06-08 16:19:54.892654+00,2026-06-08 16:19:54.915635+00,2026-06-08 16:19:55.020941+00,0.105306,0.128287,
c7c132c8-9016-46a3-856c-72a980b8894e,numbered,31690,completed,sold,1,2026-06-08 16:19:54.934341+00,2026-06-08 16:19:54.955778+00,2026-06-08 16:19:55.061117+00,0.105339,0.126776,
bd23ad54-6e09-43d6-8da8-a932fc6562fc,numbered,75402,completed,sold,1,2026-06-08 16:19:54.975962+00,2026-06-08 16:19:55.000738+00,2026-06-08 16:19:55.106097+00,0.105359,0.130135,
83c00ab7-18c3-4865-8da7-c92f35c663b6,numbered,14240,completed,sold,1,2026-06-08 16:19:55.017618+00,2026-06-08 16:19:55.039513+00,2026-06-08 16:19:55.144212+00,0.104699,0.126594,
93a5b726-8f41-4624-a013-9df22c64de86,numbered,46545,completed,sold,1,2026-06-08 16:19:55.059271+00,2026-06-08 16:19:55.081727+00,2026-06-08 16:19:55.187011+00,0.105284,0.127740,
25043fef-9215-4b7e-86c3-3ea95183439a,numbered,11627,completed,sold,1,2026-06-08 16:19:55.100842+00,2026-06-08 16:19:55.122573+00,2026-06-08 16:19:55.227468+00,0.104895,0.126626,
05446060-16e3-4e82-8462-254afb3d1560,numbered,46417,completed,sold,1,2026-06-08 16:19:55.142592+00,2026-06-08 16:19:55.167276+00,2026-06-08 16:19:55.272469+00,0.105193,0.129877,
8145a730-a261-43fa-97a6-5e559a51289e,numbered,32124,completed,sold,1,2026-06-08 16:19:55.18421+00,2026-06-08 16:19:55.20571+00,2026-06-08 16:19:55.310447+00,0.104737,0.126237,
831e275a-2dd2-4ae9-9db2-eb6f08a61fb4,numbered,99347,completed,sold,1,2026-06-08 16:19:55.225914+00,2026-06-08 16:19:55.249099+00,2026-06-08 16:19:55.354534+00,0.105435,0.128620,
e22ee676-6be2-4902-86a2-f178f3782665,numbered,95371,completed,sold,1,2026-06-08 16:19:55.2677+00,2026-06-08 16:19:55.289254+00,2026-06-08 16:19:55.393981+00,0.104727,0.126281,
871c6bbb-fcf3-4861-9138-67efd0882f54,numbered,28622,completed,sold,1,2026-06-08 16:19:55.309152+00,2026-06-08 16:19:55.333922+00,2026-06-08 16:19:55.439409+00,0.105487,0.130257,
79e75343-9074-4177-a35a-7d5e86540511,numbered,67180,completed,sold,1,2026-06-08 16:19:55.351385+00,2026-06-08 16:19:55.372867+00,2026-06-08 16:19:55.477439+00,0.104572,0.126054,
877b098e-a121-481a-b4d6-a507e8b71e72,numbered,9854,completed,sold,1,2026-06-08 16:19:55.392638+00,2026-06-08 16:19:55.415313+00,2026-06-08 16:19:55.519976+00,0.104663,0.127338,
328eb9ea-755c-469a-aa84-e65b7dff820f,numbered,20426,completed,sold,1,2026-06-08 16:19:55.434225+00,2026-06-08 16:19:55.456296+00,2026-06-08 16:19:55.561335+00,0.105039,0.127110,
260cffaf-d435-416d-b576-58384db01e7b,numbered,99471,completed,sold,1,2026-06-08 16:19:55.47581+00,2026-06-08 16:19:55.500288+00,2026-06-08 16:19:55.605583+00,0.105295,0.129773,
67fa50a4-d024-458d-8184-df55d790f9e4,numbered,23106,completed,sold,1,2026-06-08 16:19:55.517543+00,2026-06-08 16:19:55.539062+00,2026-06-08 16:19:55.64366+00,0.104598,0.126117,
cd9446d2-fa08-4db9-a543-2ce93afa7b58,numbered,23972,completed,sold,1,2026-06-08 16:19:55.559281+00,2026-06-08 16:19:55.581954+00,2026-06-08 16:19:55.686682+00,0.104728,0.127401,
050f63a1-c41d-4a1a-af2a-b2c94216f1c8,numbered,20052,completed,sold,1,2026-06-08 16:19:55.601007+00,2026-06-08 16:19:55.622639+00,2026-06-08 16:19:55.727378+00,0.104739,0.126371,
d67d1812-0faa-41a3-8fee-0268203c6bef,numbered,92261,completed,sold,1,2026-06-08 16:19:55.642634+00,2026-06-08 16:19:55.667318+00,2026-06-08 16:19:55.772581+00,0.105263,0.129947,
abd6753e-8306-4f23-9ee1-5d01bbfe718c,numbered,37228,completed,sold,1,2026-06-08 16:19:55.686004+00,2026-06-08 16:19:55.70737+00,2026-06-08 16:19:55.811973+00,0.104603,0.125969,
af1d0223-3c65-4779-9cf6-0325a8df61cf,numbered,99419,completed,sold,1,2026-06-08 16:19:55.725846+00,2026-06-08 16:19:55.748167+00,2026-06-08 16:19:55.852973+00,0.104806,0.127127,
176c04bb-0095-4e34-8959-15b280dcfc90,numbered,40117,completed,sold,1,2026-06-08 16:19:55.7677+00,2026-06-08 16:19:55.788946+00,2026-06-08 16:19:55.893624+00,0.104678,0.125924,
2a0ff4a5-afbd-49fc-8a75-5fe5295bc9e8,numbered,25596,completed,sold,1,2026-06-08 16:19:55.809334+00,2026-06-08 16:19:55.834404+00,2026-06-08 16:19:55.939812+00,0.105408,0.130478,
2e95768d-3c87-4e3b-9fa5-2fd1571bd1fc,numbered,63062,completed,sold,1,2026-06-08 16:19:55.850913+00,2026-06-08 16:19:55.872599+00,2026-06-08 16:19:55.977675+00,0.105076,0.126762,
31425499-cd93-4b17-bc59-86812420340d,numbered,55362,completed,sold,1,2026-06-08 16:19:55.892502+00,2026-06-08 16:19:55.9149+00,2026-06-08 16:19:56.01982+00,0.104920,0.127318,
0ced3c45-20a1-49bf-bf36-e3f81adc778a,numbered,63026,completed,sold,1,2026-06-08 16:19:55.934234+00,2026-06-08 16:19:55.955117+00,2026-06-08 16:19:56.059873+00,0.104756,0.125639,
f8ad8db3-7583-4ab3-9f78-4cbe9957cc1f,numbered,6169,completed,sold,1,2026-06-08 16:19:55.975966+00,2026-06-08 16:19:56.000974+00,2026-06-08 16:19:56.106457+00,0.105483,0.130491,
1766bed1-ce40-40c9-9f32-cddb20b4dd3f,numbered,60989,completed,sold,1,2026-06-08 16:19:56.017575+00,2026-06-08 16:19:56.039662+00,2026-06-08 16:19:56.144389+00,0.104727,0.126814,
f9c2fb02-0777-4d04-afe2-c53808bf2b96,numbered,55532,completed,sold,1,2026-06-08 16:19:56.059314+00,2026-06-08 16:19:56.081298+00,2026-06-08 16:19:56.186263+00,0.104965,0.126949,
e48c61f0-7411-4be9-9beb-ef4ebbe7b2ab,numbered,93287,completed,sold,1,2026-06-08 16:19:56.101131+00,2026-06-08 16:19:56.122979+00,2026-06-08 16:19:56.22758+00,0.104601,0.126449,
2dba5d8c-1c2d-45f2-8fb5-283ff7393818,numbered,99004,completed,sold,1,2026-06-08 16:19:56.142702+00,2026-06-08 16:19:56.167077+00,2026-06-08 16:19:56.272472+00,0.105395,0.129770,
696eb26c-8d41-4095-9301-d3f77da13b83,numbered,57339,completed,sold,1,2026-06-08 16:19:56.184331+00,2026-06-08 16:19:56.20617+00,2026-06-08 16:19:56.310926+00,0.104756,0.126595,
ffd34d3b-c4cd-4003-ace8-3ea2fe68b0da,numbered,41332,completed,sold,1,2026-06-08 16:19:56.22579+00,2026-06-08 16:19:56.248739+00,2026-06-08 16:19:56.353608+00,0.104869,0.127818,
0dd68ed4-535d-40e9-8dd4-db675f22da71,numbered,36043,completed,sold,1,2026-06-08 16:19:56.267722+00,2026-06-08 16:19:56.289428+00,2026-06-08 16:19:56.393774+00,0.104346,0.126052,
bb6bba4c-b396-4685-a60f-8717c9aa549e,numbered,14387,completed,sold,1,2026-06-08 16:19:56.309331+00,2026-06-08 16:19:56.333452+00,2026-06-08 16:19:56.438689+00,0.105237,0.129358,
b79be0f0-9250-45f0-a594-21a0212ddd1c,numbered,1541,completed,sold,1,2026-06-08 16:19:56.351048+00,2026-06-08 16:19:56.388884+00,2026-06-08 16:19:56.494219+00,0.105335,0.143171,
e9db1a11-e2f7-4452-ae2a-81608b7b9a74,numbered,8657,completed,sold,1,2026-06-08 16:19:56.392573+00,2026-06-08 16:19:56.414706+00,2026-06-08 16:19:56.51971+00,0.105004,0.127137,
2d0863c1-b556-4a75-9fa5-b754aaaafcd3,numbered,39218,completed,sold,1,2026-06-08 16:19:56.434277+00,2026-06-08 16:19:56.455327+00,2026-06-08 16:19:56.559776+00,0.104449,0.125499,
dc2a05e6-3714-44e1-b5b0-d80f6cf584f0,numbered,52924,completed,sold,1,2026-06-08 16:19:56.475976+00,2026-06-08 16:19:56.501258+00,2026-06-08 16:19:56.607022+00,0.105764,0.131046,
c4355b5e-ae61-4ba7-9953-a4c6515d845b,numbered,81479,completed,sold,1,2026-06-08 16:19:56.517592+00,2026-06-08 16:19:56.539471+00,2026-06-08 16:19:56.644224+00,0.104753,0.126632,
72f8a17f-83cd-42da-b933-4c27a89484f5,numbered,72263,completed,sold,1,2026-06-08 16:19:56.559361+00,2026-06-08 16:19:56.581499+00,2026-06-08 16:19:56.686514+00,0.105015,0.127153,
11f4f537-e388-4615-b1ac-d47bc895ed59,numbered,96955,completed,sold,1,2026-06-08 16:19:56.600994+00,2026-06-08 16:19:56.622739+00,2026-06-08 16:19:56.727576+00,0.104837,0.126582,
587b301d-9b03-40fc-96d6-ab0cfcc8a2a6,numbered,3778,completed,sold,1,2026-06-08 16:19:56.642674+00,2026-06-08 16:19:56.667275+00,2026-06-08 16:19:56.772582+00,0.105307,0.129908,
90ec14ec-8157-42cb-88ed-b7b77ccfee26,numbered,49761,completed,sold,1,2026-06-08 16:19:56.68437+00,2026-06-08 16:19:56.706723+00,2026-06-08 16:19:56.811684+00,0.104961,0.127314,
15e0e6be-172c-44b8-ac3a-684b0ab9e53c,numbered,41980,completed,sold,1,2026-06-08 16:19:56.725965+00,2026-06-08 16:19:56.74924+00,2026-06-08 16:19:56.854057+00,0.104817,0.128092,
66b5d13c-95fe-444e-85d2-87dc83ebfc1b,numbered,29987,completed,sold,1,2026-06-08 16:19:56.767707+00,2026-06-08 16:19:56.789082+00,2026-06-08 16:19:56.893761+00,0.104679,0.126054,
a9fc1c83-8263-4173-92b3-6bbe38cec3b9,numbered,52488,completed,sold,1,2026-06-08 16:19:56.809264+00,2026-06-08 16:19:56.833426+00,2026-06-08 16:19:56.938513+00,0.105087,0.129249,
a542f1c4-ad85-44c1-8f54-3994e6ef8fa6,numbered,61725,completed,sold,1,2026-06-08 16:19:56.851118+00,2026-06-08 16:19:56.872817+00,2026-06-08 16:19:56.977771+00,0.104954,0.126653,
b175210d-f7b0-48de-95b1-961bfd6be4e0,numbered,79160,completed,sold,1,2026-06-08 16:19:56.892658+00,2026-06-08 16:19:56.915288+00,2026-06-08 16:19:57.020028+00,0.104740,0.127370,
00c97c12-0a23-4bb6-87e3-384dcc0a812c,numbered,24900,completed,sold,1,2026-06-08 16:19:56.934269+00,2026-06-08 16:19:56.954862+00,2026-06-08 16:19:57.059796+00,0.104934,0.125527,
520bfba7-74a8-4192-896b-cab297f251b7,numbered,86392,completed,sold,1,2026-06-08 16:19:56.975831+00,2026-06-08 16:19:57.000013+00,2026-06-08 16:19:57.105439+00,0.105426,0.129608,
a7cba5fe-aa74-430e-841a-3b2f7b7fb370,numbered,70269,completed,sold,1,2026-06-08 16:19:57.017731+00,2026-06-08 16:19:57.0395+00,2026-06-08 16:19:57.144453+00,0.104953,0.126722,
c4f506a8-5b72-40d9-a1c6-ef7c155cec53,numbered,51229,completed,sold,1,2026-06-08 16:19:57.059527+00,2026-06-08 16:19:57.081784+00,2026-06-08 16:19:57.186738+00,0.104954,0.127211,
66a36afc-2f58-4b5c-b740-65128ac724ce,numbered,68565,completed,sold,1,2026-06-08 16:19:57.100916+00,2026-06-08 16:19:57.122928+00,2026-06-08 16:19:57.227681+00,0.104753,0.126765,
a9834bcc-5e0e-43dc-950b-bd3ab3755f4c,numbered,78621,completed,sold,1,2026-06-08 16:19:57.14273+00,2026-06-08 16:19:57.167446+00,2026-06-08 16:19:57.272629+00,0.105183,0.129899,
01745d79-12a8-4eaa-b198-4b1f825e1000,numbered,9002,completed,sold,1,2026-06-08 16:19:57.184365+00,2026-06-08 16:19:57.206377+00,2026-06-08 16:19:57.311388+00,0.105011,0.127023,
5f8fab4f-45e9-4dfd-a5b8-0281080745de,numbered,21081,completed,sold,1,2026-06-08 16:19:57.225973+00,2026-06-08 16:19:57.248368+00,2026-06-08 16:19:57.353518+00,0.105150,0.127545,
f1c40bbb-1226-471b-8900-c4a5a4fd5dee,numbered,73376,completed,sold,1,2026-06-08 16:19:57.267834+00,2026-06-08 16:19:57.289608+00,2026-06-08 16:19:57.394205+00,0.104597,0.126371,
8a25d368-84d0-46b0-af0b-9632f9b5c8e6,numbered,43228,completed,sold,1,2026-06-08 16:19:57.309337+00,2026-06-08 16:19:57.334119+00,2026-06-08 16:19:57.439596+00,0.105477,0.130259,
454c440e-eeca-4c08-bee9-65bc523c4008,numbered,564,completed,sold,1,2026-06-08 16:19:57.351036+00,2026-06-08 16:19:57.372616+00,2026-06-08 16:19:57.477571+00,0.104955,0.126535,
d33499d4-4a3c-40f8-bfba-97e8373d206c,numbered,12514,completed,sold,1,2026-06-08 16:19:57.392535+00,2026-06-08 16:19:57.415261+00,2026-06-08 16:19:57.520082+00,0.104821,0.127547,
2455c21f-f6c2-405b-9487-03b2c53dcea1,numbered,1696,completed,sold,1,2026-06-08 16:19:57.43439+00,2026-06-08 16:19:57.455148+00,2026-06-08 16:19:57.559977+00,0.104829,0.125587,
9045de90-e612-46a7-be2f-d0574f0242c1,numbered,541,completed,sold,1,2026-06-08 16:19:57.475973+00,2026-06-08 16:19:57.500924+00,2026-06-08 16:19:57.606182+00,0.105258,0.130209,
6360d265-d5dd-47b8-9d37-0187d1a9d9ae,numbered,73290,completed,sold,1,2026-06-08 16:19:57.517725+00,2026-06-08 16:19:57.539595+00,2026-06-08 16:19:57.644269+00,0.104674,0.126544,
3545dfad-ce77-4b53-ad92-b70cf0666caf,numbered,3796,completed,sold,1,2026-06-08 16:19:57.559211+00,2026-06-08 16:19:57.581644+00,2026-06-08 16:19:57.686743+00,0.105099,0.127532,
8c662df6-56fe-4669-b31a-86dbce3b7237,numbered,22329,completed,sold,1,2026-06-08 16:19:57.601038+00,2026-06-08 16:19:57.622518+00,2026-06-08 16:19:57.727609+00,0.105091,0.126571,
fa6a34bf-2eda-4c48-ac0b-36fded19c67d,numbered,73232,completed,sold,1,2026-06-08 16:19:57.642612+00,2026-06-08 16:19:57.667392+00,2026-06-08 16:19:57.772573+00,0.105181,0.129961,
b38fb4d3-85e6-40e0-aeea-b8b9551e50c2,numbered,21156,completed,sold,1,2026-06-08 16:19:57.68447+00,2026-06-08 16:19:57.70633+00,2026-06-08 16:19:57.811181+00,0.104851,0.126711,
ad6d84ea-e4e9-4abb-b22c-7e1c09a99bdf,numbered,71061,completed,sold,1,2026-06-08 16:19:57.725978+00,2026-06-08 16:19:57.748518+00,2026-06-08 16:19:57.853628+00,0.105110,0.127650,
838023f5-b595-49fe-ac71-b6419490d37e,numbered,57712,completed,sold,1,2026-06-08 16:19:57.767691+00,2026-06-08 16:19:57.789374+00,2026-06-08 16:19:57.894047+00,0.104673,0.126356,
7d1e4525-b010-4c91-87f7-37fc93eaeb11,numbered,22113,completed,sold,1,2026-06-08 16:19:57.809159+00,2026-06-08 16:19:57.833665+00,2026-06-08 16:19:57.939288+00,0.105623,0.130129,
b9007c2a-3ce1-422c-99e5-905c9c1d3dd4,numbered,52092,completed,sold,1,2026-06-08 16:19:57.85099+00,2026-06-08 16:19:57.872553+00,2026-06-08 16:19:57.977139+00,0.104586,0.126149,
89cfa7c6-20cb-4dd0-a479-6c5ea4e68045,numbered,55547,completed,sold,1,2026-06-08 16:19:57.892586+00,2026-06-08 16:19:57.914592+00,2026-06-08 16:19:58.019741+00,0.105149,0.127155,
b365341c-c551-4e77-9386-8e60386b818b,numbered,99385,completed,sold,1,2026-06-08 16:19:57.934237+00,2026-06-08 16:19:57.955262+00,2026-06-08 16:19:58.059905+00,0.104643,0.125668,
80da01ed-1ecd-4190-b8a5-4e3fd88b1a12,numbered,59314,completed,sold,1,2026-06-08 16:19:57.975914+00,2026-06-08 16:19:58.000189+00,2026-06-08 16:19:58.10593+00,0.105741,0.130016,
89073d2d-53fd-4c99-b6b9-f527ebbbba48,numbered,10210,completed,sold,1,2026-06-08 16:19:58.017498+00,2026-06-08 16:19:58.039647+00,2026-06-08 16:19:58.144301+00,0.104654,0.126803,
fd50b403-53f5-434a-a912-3cc2c1926bf5,numbered,56922,completed,sold,1,2026-06-08 16:19:58.05933+00,2026-06-08 16:19:58.081205+00,2026-06-08 16:19:58.18614+00,0.104935,0.126810,
47c4e403-6951-463b-af49-376c5654147e,numbered,44131,completed,sold,1,2026-06-08 16:19:58.100877+00,2026-06-08 16:19:58.122666+00,2026-06-08 16:19:58.227294+00,0.104628,0.126417,
625211c2-481e-4e97-a7f7-f09cdc3faf76,numbered,42452,completed,sold,1,2026-06-08 16:19:58.142695+00,2026-06-08 16:19:58.16741+00,2026-06-08 16:19:58.27275+00,0.105340,0.130055,
208feeb7-3b24-4a6b-baac-4114eade0e03,numbered,83651,completed,sold,1,2026-06-08 16:19:58.184242+00,2026-06-08 16:19:58.206264+00,2026-06-08 16:19:58.311119+00,0.104855,0.126877,
96080411-bf09-4b8a-b804-2eeee85af0b7,numbered,41477,completed,sold,1,2026-06-08 16:19:58.22595+00,2026-06-08 16:19:58.248541+00,2026-06-08 16:19:58.353296+00,0.104755,0.127346,
30fc7ddf-209a-4957-a4f1-c8fdf9a107dd,numbered,52217,completed,sold,1,2026-06-08 16:19:58.267835+00,2026-06-08 16:19:58.290276+00,2026-06-08 16:19:58.395036+00,0.104760,0.127201,
1cb6e144-f795-43ba-b1d7-80c231529b16,numbered,65765,completed,sold,1,2026-06-08 16:19:58.30928+00,2026-06-08 16:19:58.334265+00,2026-06-08 16:19:58.439698+00,0.105433,0.130418,
bb71d3a2-5dfc-40a1-966c-69e7e6f003ab,numbered,35287,completed,sold,1,2026-06-08 16:19:58.350976+00,2026-06-08 16:19:58.372972+00,2026-06-08 16:19:58.477998+00,0.105026,0.127022,
ba90cf03-8d37-4ccf-95f3-2337b7bffc8d,numbered,14031,completed,sold,1,2026-06-08 16:19:58.392747+00,2026-06-08 16:19:58.415191+00,2026-06-08 16:19:58.520144+00,0.104953,0.127397,
687da479-84e8-42d0-9390-e952b212647b,numbered,84387,completed,sold,1,2026-06-08 16:19:58.43429+00,2026-06-08 16:19:58.45511+00,2026-06-08 16:19:58.559979+00,0.104869,0.125689,
1fb30a06-cfdb-41a9-b1bc-b468cf56061f,numbered,31073,completed,sold,1,2026-06-08 16:19:58.475905+00,2026-06-08 16:19:58.500767+00,2026-06-08 16:19:58.606134+00,0.105367,0.130229,
f40b7a7e-8069-4cc4-9697-e227cc5e04b0,numbered,9435,completed,sold,1,2026-06-08 16:19:58.518973+00,2026-06-08 16:19:58.542008+00,2026-06-08 16:19:58.646394+00,0.104386,0.127421,
2c013318-8d80-4f17-91f6-39ad75e07826,numbered,14102,completed,sold,1,2026-06-08 16:19:58.559396+00,2026-06-08 16:19:58.581783+00,2026-06-08 16:19:58.686933+00,0.105150,0.127537,
9cae293e-93af-4135-8506-53c26f67137a,numbered,89995,completed,sold,1,2026-06-08 16:19:58.600804+00,2026-06-08 16:19:58.622106+00,2026-06-08 16:19:58.726787+00,0.104681,0.125983,
7e6a8207-a6b1-40fd-b474-c1a9f01a3b27,numbered,98619,completed,sold,1,2026-06-08 16:19:58.642742+00,2026-06-08 16:19:58.667779+00,2026-06-08 16:19:58.773373+00,0.105594,0.130631,
e973b55c-9584-4d79-8a7c-98f600c7cac9,numbered,20234,completed,sold,1,2026-06-08 16:19:58.68434+00,2026-06-08 16:19:58.706177+00,2026-06-08 16:19:58.811095+00,0.104918,0.126755,
0c16177e-9936-46c4-b983-e26ec716f5eb,numbered,53833,completed,sold,1,2026-06-08 16:19:58.725891+00,2026-06-08 16:19:58.747874+00,2026-06-08 16:19:58.853097+00,0.105223,0.127206,
7dd1a1f9-d98b-4fc4-a7ef-a441858ff6d7,numbered,48377,completed,sold,1,2026-06-08 16:19:58.767868+00,2026-06-08 16:19:58.793554+00,2026-06-08 16:19:58.898105+00,0.104551,0.130237,
c0ef0e3c-66e6-4a77-906a-8b9e74adc874,numbered,51279,completed,sold,1,2026-06-08 16:19:58.809222+00,2026-06-08 16:19:58.833755+00,2026-06-08 16:19:58.939597+00,0.105842,0.130375,
f3831ed4-8786-42f5-8595-089bcca4ac68,numbered,53594,completed,sold,1,2026-06-08 16:19:58.850987+00,2026-06-08 16:19:58.872978+00,2026-06-08 16:19:58.978091+00,0.105113,0.127104,
69519122-479b-4581-b0c8-c9cfa760f3ee,numbered,7459,completed,sold,1,2026-06-08 16:19:58.892581+00,2026-06-08 16:19:58.915129+00,2026-06-08 16:19:59.01995+00,0.104821,0.127369,
4318905f-c47c-4ffb-b6ba-fcb15e051487,numbered,34949,completed,sold,1,2026-06-08 16:19:58.934331+00,2026-06-08 16:19:58.955426+00,2026-06-08 16:19:59.060106+00,0.104680,0.125775,
d8107bd4-4cdb-47f5-92e0-8c6babc7de8d,numbered,1415,completed,sold,1,2026-06-08 16:19:58.976038+00,2026-06-08 16:19:59.000574+00,2026-06-08 16:19:59.105888+00,0.105314,0.129850,
0f02586c-c6c3-4b25-9805-dae4612e866f,numbered,80588,completed,sold,1,2026-06-08 16:19:59.017616+00,2026-06-08 16:19:59.039395+00,2026-06-08 16:19:59.143971+00,0.104576,0.126355,
8d7b937b-1762-4dba-8eff-5225f188dbbb,numbered,37399,completed,sold,1,2026-06-08 16:19:59.059397+00,2026-06-08 16:19:59.081659+00,2026-06-08 16:19:59.186722+00,0.105063,0.127325,
893a2b1a-142c-4ef6-bffd-78c5f88373ec,numbered,81205,completed,sold,1,2026-06-08 16:19:59.100886+00,2026-06-08 16:19:59.122805+00,2026-06-08 16:19:59.227615+00,0.104810,0.126729,
3f811614-1360-42c4-8ac1-1d3552dfc540,numbered,442,completed,sold,1,2026-06-08 16:19:59.142653+00,2026-06-08 16:19:59.167351+00,2026-06-08 16:19:59.272776+00,0.105425,0.130123,
7c4d2215-8956-4826-a3fc-876be4a803fb,numbered,41594,completed,sold,1,2026-06-08 16:19:59.18435+00,2026-06-08 16:19:59.206102+00,2026-06-08 16:19:59.310929+00,0.104827,0.126579,
ae7b722f-2b8e-4002-a86f-78e0451c9d5d,numbered,89997,completed,sold,1,2026-06-08 16:19:59.225974+00,2026-06-08 16:19:59.248691+00,2026-06-08 16:19:59.353737+00,0.105046,0.127763,
bbd7c4d0-fc96-4394-902d-a503d52727fb,numbered,91510,completed,sold,1,2026-06-08 16:19:59.267692+00,2026-06-08 16:19:59.290324+00,2026-06-08 16:19:59.395149+00,0.104825,0.127457,
b6dd4fd3-1370-416d-bf72-93ea1c5f82e8,numbered,62561,completed,sold,1,2026-06-08 16:19:59.309311+00,2026-06-08 16:19:59.334202+00,2026-06-08 16:19:59.439782+00,0.105580,0.130471,
5ec9ed2c-e701-4433-a831-248a1fb53ba3,numbered,53025,completed,sold,1,2026-06-08 16:19:59.351072+00,2026-06-08 16:19:59.372925+00,2026-06-08 16:19:59.478069+00,0.105144,0.126997,
704b905b-1f8c-4ebc-8fa3-2eef23fe17c6,numbered,2728,completed,sold,1,2026-06-08 16:19:59.392714+00,2026-06-08 16:19:59.415511+00,2026-06-08 16:19:59.520318+00,0.104807,0.127604,
5697440b-f11f-4a7e-9052-bcc917ba183d,numbered,94716,completed,sold,1,2026-06-08 16:19:59.434348+00,2026-06-08 16:19:59.45506+00,2026-06-08 16:19:59.559997+00,0.104937,0.125649,
b8dcb8ec-a4a0-4ab9-b781-6790531b57d9,numbered,57072,completed,sold,1,2026-06-08 16:19:59.47596+00,2026-06-08 16:19:59.501147+00,2026-06-08 16:19:59.606987+00,0.105840,0.131027,
cc2ea3c4-d54e-440a-88ab-e1d4c867f751,numbered,31550,completed,sold,1,2026-06-08 16:19:59.517719+00,2026-06-08 16:19:59.539448+00,2026-06-08 16:19:59.644128+00,0.104680,0.126409,
2c27b382-7c3d-4fd8-8397-1a4eeb096523,numbered,1077,completed,sold,1,2026-06-08 16:19:59.559775+00,2026-06-08 16:19:59.583119+00,2026-06-08 16:19:59.687896+00,0.104777,0.128121,
5c939ce2-cd7d-4311-b8bf-5f0137a189b8,numbered,87914,completed,sold,1,2026-06-08 16:19:59.601148+00,2026-06-08 16:19:59.622875+00,2026-06-08 16:19:59.727656+00,0.104781,0.126508,
051a3932-58aa-4ec7-9d56-c7493c1b9876,numbered,81291,completed,sold,1,2026-06-08 16:19:59.642631+00,2026-06-08 16:19:59.66765+00,2026-06-08 16:19:59.773268+00,0.105618,0.130637,
01efb64d-1550-43b9-924b-2426be068b1d,numbered,3481,completed,sold,1,2026-06-08 16:19:59.684435+00,2026-06-08 16:19:59.705408+00,2026-06-08 16:19:59.810165+00,0.104757,0.125730,
c5e4044e-06e1-4686-8376-0cd743c3c830,numbered,85977,completed,sold,1,2026-06-08 16:19:59.726218+00,2026-06-08 16:19:59.748968+00,2026-06-08 16:19:59.853706+00,0.104738,0.127488,
1d8c3577-ff56-4198-9c40-66a1491c4f6a,numbered,85653,completed,seat_unavailable,1,2026-06-08 16:19:59.767662+00,2026-06-08 16:19:59.788699+00,2026-06-08 16:19:59.891353+00,0.102654,0.123691,
47487cd1-a489-4a55-8dd1-7833d7834eda,numbered,65266,completed,sold,1,2026-06-08 16:19:59.80912+00,2026-06-08 16:19:59.833655+00,2026-06-08 16:19:59.939396+00,0.105741,0.130276,
c59a2a1a-a4e0-4397-9c84-9ff907fec598,numbered,24483,completed,sold,1,2026-06-08 16:19:59.851025+00,2026-06-08 16:19:59.873298+00,2026-06-08 16:19:59.978126+00,0.104828,0.127101,
349bde47-2613-4f39-9bbb-c34c8ca473e2,numbered,15161,completed,sold,1,2026-06-08 16:19:59.892464+00,2026-06-08 16:19:59.914803+00,2026-06-08 16:20:00.045211+00,0.130408,0.152747,
c7db102a-854b-4195-afe3-6b566dce70a1,numbered,62896,completed,sold,1,2026-06-08 16:19:59.934187+00,2026-06-08 16:19:59.955275+00,2026-06-08 16:20:00.064774+00,0.109499,0.130587,
cef0675a-8ed9-49d8-b37c-aba4cc44805c,numbered,77490,completed,sold,1,2026-06-08 16:19:59.975958+00,2026-06-08 16:20:00.03852+00,2026-06-08 16:20:00.148838+00,0.110318,0.172880,
71845394-a674-4235-9371-360242d273e0,numbered,85970,completed,sold,1,2026-06-08 16:20:00.03075+00,2026-06-08 16:20:00.110728+00,2026-06-08 16:20:00.217702+00,0.106974,0.186952,
63bdc5da-19d3-493f-8aeb-e1b0535244ab,numbered,17608,completed,sold,1,2026-06-08 16:20:00.116413+00,2026-06-08 16:20:00.156574+00,2026-06-08 16:20:00.262176+00,0.105602,0.145763,
c3ec2746-e531-438c-8c36-ea138d745f14,numbered,3411,completed,sold,1,2026-06-08 16:20:00.083312+00,2026-06-08 16:20:00.157782+00,2026-06-08 16:20:00.265549+00,0.107767,0.182237,
a35b7c38-5649-4113-b70a-7be23ce1fb71,numbered,31554,completed,sold,1,2026-06-08 16:20:00.146443+00,2026-06-08 16:20:00.196237+00,2026-06-08 16:20:00.303363+00,0.107126,0.156920,
d81e00ec-d431-4247-a0c7-323190556eb8,numbered,52438,completed,sold,1,2026-06-08 16:20:00.18539+00,2026-06-08 16:20:00.247543+00,2026-06-08 16:20:00.359951+00,0.112408,0.174561,
9ff39e92-b566-43d4-81aa-0350b44121ce,numbered,78639,completed,sold,1,2026-06-08 16:20:00.226057+00,2026-06-08 16:20:00.291737+00,2026-06-08 16:20:00.3983+00,0.106563,0.172243,
94656ca2-59e6-4ec9-8cc8-8e03033efb5e,numbered,73240,completed,sold,1,2026-06-08 16:20:00.267901+00,2026-06-08 16:20:00.337374+00,2026-06-08 16:20:00.443485+00,0.106111,0.175584,
9a4c1c92-5bae-4029-b426-529bfbc83c3f,numbered,35164,completed,sold,1,2026-06-08 16:20:00.309457+00,2026-06-08 16:20:00.340371+00,2026-06-08 16:20:00.446433+00,0.106062,0.136976,
615dee73-3958-4c16-8e3e-360fe4464855,numbered,17851,completed,sold,1,2026-06-08 16:20:00.352017+00,2026-06-08 16:20:00.386429+00,2026-06-08 16:20:00.490946+00,0.104517,0.138929,
df5037da-4ba5-4516-acf2-54d367da8174,numbered,29289,completed,sold,1,2026-06-08 16:20:00.392822+00,2026-06-08 16:20:00.4238+00,2026-06-08 16:20:00.530357+00,0.106557,0.137535,
e58cd6ac-84c8-4761-88b4-0a3f5f9efa6e,numbered,90358,completed,sold,1,2026-06-08 16:20:00.434454+00,2026-06-08 16:20:00.470238+00,2026-06-08 16:20:00.575539+00,0.105301,0.141085,
89e114e1-6bf2-4401-8536-4d5bd067df56,numbered,11619,completed,sold,1,2026-06-08 16:20:00.475997+00,2026-06-08 16:20:00.501571+00,2026-06-08 16:20:00.607344+00,0.105773,0.131347,
4ed66586-9c14-4186-9618-42dc47fed977,numbered,16969,completed,sold,1,2026-06-08 16:20:00.517785+00,2026-06-08 16:20:00.541496+00,2026-06-08 16:20:00.646192+00,0.104696,0.128407,
b3a7e3f3-a5c1-4282-8a99-a0a317432b73,numbered,84089,completed,sold,1,2026-06-08 16:20:00.559628+00,2026-06-08 16:20:00.590814+00,2026-06-08 16:20:00.695484+00,0.104670,0.135856,
3fabbf88-ffec-4571-b677-ae8cb1dc37c2,numbered,2967,completed,sold,1,2026-06-08 16:20:00.601046+00,2026-06-08 16:20:00.624181+00,2026-06-08 16:20:00.729076+00,0.104895,0.128030,
20d974f7-9c30-415e-a39b-995d7d31a4c3,numbered,15736,completed,sold,1,2026-06-08 16:20:00.642967+00,2026-06-08 16:20:00.668427+00,2026-06-08 16:20:00.774553+00,0.106126,0.131586,
f67a9094-8eda-47e6-a6f5-1e14e4ae14d6,numbered,51025,completed,sold,1,2026-06-08 16:20:00.684615+00,2026-06-08 16:20:00.707162+00,2026-06-08 16:20:00.811928+00,0.104766,0.127313,
a5cf2f7b-08e5-4639-8d12-146a7c65baf1,numbered,90465,completed,sold,1,2026-06-08 16:20:00.726101+00,2026-06-08 16:20:00.749328+00,2026-06-08 16:20:00.854132+00,0.104804,0.128031,
65608812-c577-400b-9232-7c8520b12a53,numbered,505,completed,sold,1,2026-06-08 16:20:00.767768+00,2026-06-08 16:20:00.793105+00,2026-06-08 16:20:00.898159+00,0.105054,0.130391,
8ef10816-1824-498a-8f93-9841ce8a59bc,numbered,87163,completed,sold,1,2026-06-08 16:20:00.809344+00,2026-06-08 16:20:00.83473+00,2026-06-08 16:20:00.940155+00,0.105425,0.130811,
f8bcba80-07cd-4c3f-9893-f52c4e1ce1ef,numbered,1645,completed,sold,1,2026-06-08 16:20:00.85117+00,2026-06-08 16:20:00.874259+00,2026-06-08 16:20:00.979213+00,0.104954,0.128043,
3c33a455-700e-414e-a208-f31dd9da6ce7,numbered,76326,completed,sold,1,2026-06-08 16:20:00.892789+00,2026-06-08 16:20:00.914812+00,2026-06-08 16:20:01.019711+00,0.104899,0.126922,
061c862b-082d-4e07-b32c-ba78f93ec14d,numbered,78105,completed,sold,1,2026-06-08 16:20:00.934302+00,2026-06-08 16:20:00.961637+00,2026-06-08 16:20:01.067895+00,0.106258,0.133593,
5b73dc4c-ba31-4f33-ac55-5fa309e15b88,numbered,25801,completed,sold,1,2026-06-08 16:20:00.976067+00,2026-06-08 16:20:01.001579+00,2026-06-08 16:20:01.118661+00,0.117082,0.142594,
21050420-588e-4967-a7b5-ee9023dd1725,numbered,13198,completed,sold,1,2026-06-08 16:20:01.017708+00,2026-06-08 16:20:01.041276+00,2026-06-08 16:20:01.153154+00,0.111878,0.135446,
42475187-b47a-46d0-8754-351a1bbc8d32,numbered,24549,completed,sold,1,2026-06-08 16:20:01.059364+00,2026-06-08 16:20:01.084031+00,2026-06-08 16:20:01.225797+00,0.141766,0.166433,
9b690d76-a24d-47fc-8e5d-4536c036a2b5,numbered,99352,completed,sold,1,2026-06-08 16:20:01.102043+00,2026-06-08 16:20:01.221321+00,2026-06-08 16:20:01.337204+00,0.115883,0.235161,
6354b803-547e-4331-901a-072afcce3684,numbered,56213,completed,sold,1,2026-06-08 16:20:01.143775+00,2026-06-08 16:20:01.242377+00,2026-06-08 16:20:01.365115+00,0.122738,0.221340,
08567a43-2964-4913-9363-490b1eb64fec,numbered,54878,completed,sold,1,2026-06-08 16:20:01.206785+00,2026-06-08 16:20:01.262571+00,2026-06-08 16:20:01.381422+00,0.118851,0.174637,
9e65c6d9-a4e7-4bf8-8168-179142fc9bd1,numbered,63653,completed,sold,1,2026-06-08 16:20:01.228121+00,2026-06-08 16:20:01.299637+00,2026-06-08 16:20:01.425661+00,0.126024,0.197540,
98c5ec9b-b061-4327-a9c1-4259380b9949,numbered,59473,completed,sold,1,2026-06-08 16:20:01.311374+00,2026-06-08 16:20:01.472235+00,2026-06-08 16:20:01.580771+00,0.108536,0.269397,
f7f67bc9-7690-4403-8ebc-39877c16433e,numbered,33794,completed,sold,1,2026-06-08 16:20:01.409261+00,2026-06-08 16:20:01.487936+00,2026-06-08 16:20:01.615572+00,0.127636,0.206311,
ff5d396b-9606-40a3-8eb9-1fa27638060b,numbered,31271,completed,sold,1,2026-06-08 16:20:01.271192+00,2026-06-08 16:20:01.50696+00,2026-06-08 16:20:01.639246+00,0.132286,0.368054,
28b41fe4-6bc9-4e5a-9033-552db21f02eb,numbered,66116,completed,sold,1,2026-06-08 16:20:01.364648+00,2026-06-08 16:20:01.496721+00,2026-06-08 16:20:01.640736+00,0.144015,0.276088,
18ddbe0a-472c-40e4-8903-23ca83127989,numbered,88140,completed,sold,1,2026-06-08 16:20:01.477372+00,2026-06-08 16:20:01.702888+00,2026-06-08 16:20:01.811563+00,0.108675,0.334191,
4576f652-be94-495e-b753-edf43ab0a318,numbered,62290,completed,sold,1,2026-06-08 16:20:01.436575+00,2026-06-08 16:20:01.706059+00,2026-06-08 16:20:01.820706+00,0.114647,0.384131,
2a356ebb-29ce-423e-973e-92cc73372808,numbered,72751,completed,sold,1,2026-06-08 16:20:01.517973+00,2026-06-08 16:20:01.716839+00,2026-06-08 16:20:01.82964+00,0.112801,0.311667,
ed5cd49a-da2e-4436-ade1-f4a0e9a598e1,numbered,17458,completed,sold,1,2026-06-08 16:20:01.55953+00,2026-06-08 16:20:01.77232+00,2026-06-08 16:20:01.881234+00,0.108914,0.321704,
f1a3e818-ae4e-4f15-8fd9-717b52ec99b2,numbered,90402,completed,sold,1,2026-06-08 16:20:01.614132+00,2026-06-08 16:20:01.866458+00,2026-06-08 16:20:01.999645+00,0.133187,0.385513,
0409fa18-bba1-4f6f-bca5-e7037b292902,numbered,13297,completed,sold,1,2026-06-08 16:20:01.685641+00,2026-06-08 16:20:01.875616+00,2026-06-08 16:20:02.013365+00,0.137749,0.327724,
18d24dba-d495-476d-9469-b5acc506e338,numbered,56739,completed,sold,1,2026-06-08 16:20:01.7304+00,2026-06-08 16:20:02.039822+00,2026-06-08 16:20:02.175273+00,0.135451,0.444873,
f4cf6770-1986-4975-98df-61da509c784f,numbered,19319,completed,sold,1,2026-06-08 16:20:01.650996+00,2026-06-08 16:20:02.147737+00,2026-06-08 16:20:02.278163+00,0.130426,0.627167,
60ba7edf-f68e-4e6f-b3cb-10f7716de873,numbered,45221,completed,sold,1,2026-06-08 16:20:01.811574+00,2026-06-08 16:20:02.195478+00,2026-06-08 16:20:02.311176+00,0.115698,0.499602,
64d04ba5-bddb-4c78-b5bc-06f19badb81f,numbered,57210,completed,sold,1,2026-06-08 16:20:01.771881+00,2026-06-08 16:20:02.195478+00,2026-06-08 16:20:02.321859+00,0.126381,0.549978,
f1c8fa50-a145-41cd-b25e-1021e0212d16,numbered,71272,completed,sold,1,2026-06-08 16:20:01.89423+00,2026-06-08 16:20:02.366389+00,2026-06-08 16:20:02.47974+00,0.113351,0.585510,
be400a8d-0c66-4022-bab3-9a5696da5076,numbered,67927,completed,sold,1,2026-06-08 16:20:01.851142+00,2026-06-08 16:20:02.410033+00,2026-06-08 16:20:02.521368+00,0.111335,0.670226,
b3b58430-f109-4cd9-8886-ae50075a5d18,numbered,26417,completed,sold,1,2026-06-08 16:20:01.940566+00,2026-06-08 16:20:02.453679+00,2026-06-08 16:20:02.569674+00,0.115995,0.629108,
cd3c975b-f491-4785-a945-7c6a359ec6af,numbered,97239,completed,sold,1,2026-06-08 16:20:01.991813+00,2026-06-08 16:20:02.459571+00,2026-06-08 16:20:02.576557+00,0.116986,0.584744,
62b066d5-1180-45fe-bd56-d8bda1111fad,numbered,72935,completed,sold,1,2026-06-08 16:20:02.021421+00,2026-06-08 16:20:02.521448+00,2026-06-08 16:20:02.632181+00,0.110733,0.610760,
3e5c02e5-8dc7-4c2a-9726-a65e7daa291e,numbered,595,completed,sold,1,2026-06-08 16:20:02.081137+00,2026-06-08 16:20:02.579558+00,2026-06-08 16:20:02.685786+00,0.106228,0.604649,
8604cdc1-e7cb-4f41-8f87-d6dfec912b53,numbered,85982,completed,sold,1,2026-06-08 16:20:02.10963+00,2026-06-08 16:20:02.639078+00,2026-06-08 16:20:02.747384+00,0.108306,0.637754,
4b9af965-eec3-4acb-9a57-060f4968b8a9,numbered,83094,completed,sold,1,2026-06-08 16:20:02.164405+00,2026-06-08 16:20:02.661022+00,2026-06-08 16:20:02.768405+00,0.107383,0.604000,
93485713-f610-4c32-b7cd-dd3b8e23b757,numbered,66467,completed,sold,1,2026-06-08 16:20:02.204788+00,2026-06-08 16:20:02.669313+00,2026-06-08 16:20:02.776798+00,0.107485,0.572010,
779f20c0-eec7-4c91-961d-c64c3a108fd9,numbered,81649,completed,sold,1,2026-06-08 16:20:02.233621+00,2026-06-08 16:20:02.726676+00,2026-06-08 16:20:02.835961+00,0.109285,0.602340,
174a7d81-1f78-4e97-9e59-c2c31acb3bc8,numbered,89997,completed,seat_unavailable,1,2026-06-08 16:20:02.268173+00,2026-06-08 16:20:02.788328+00,2026-06-08 16:20:02.891708+00,0.103380,0.623535,
e2d95d50-646e-4d57-898f-ec75e43e234b,numbered,10566,completed,sold,1,2026-06-08 16:20:02.351596+00,2026-06-08 16:20:02.806553+00,2026-06-08 16:20:02.913041+00,0.106488,0.561445,
aab6f2ec-efc4-4fa5-94f5-1bcb25c08d1f,numbered,24222,completed,sold,1,2026-06-08 16:20:02.325637+00,2026-06-08 16:20:02.843774+00,2026-06-08 16:20:02.950221+00,0.106447,0.624584,
d62fc9e5-b450-442e-97cf-7c37b86f43d6,numbered,8194,completed,sold,1,2026-06-08 16:20:02.43614+00,2026-06-08 16:20:02.91905+00,2026-06-08 16:20:03.02422+00,0.105170,0.588080,
fac289c7-7de7-4501-b915-d4c2bd886a66,numbered,36202,completed,sold,1,2026-06-08 16:20:02.393201+00,2026-06-08 16:20:02.909414+00,2026-06-08 16:20:03.035411+00,0.125997,0.642210,
50a5ba40-d3b3-408f-b727-82e8b9db60ec,numbered,34786,completed,sold,1,2026-06-08 16:20:02.47748+00,2026-06-08 16:20:02.965352+00,2026-06-08 16:20:03.071816+00,0.106464,0.594336,
04115fb4-a4bf-4292-82e6-a3eff4628b68,numbered,45832,completed,sold,1,2026-06-08 16:20:02.52035+00,2026-06-08 16:20:02.975813+00,2026-06-08 16:20:03.082764+00,0.106951,0.562414,
49223142-c3f4-4594-a638-89f1168a9779,numbered,21756,completed,sold,1,2026-06-08 16:20:02.562456+00,2026-06-08 16:20:03.063475+00,2026-06-08 16:20:03.168862+00,0.105387,0.606406,
eb3f5759-1d1b-40a7-8872-865e9a4f6440,numbered,20295,completed,sold,1,2026-06-08 16:20:02.643552+00,2026-06-08 16:20:03.100456+00,2026-06-08 16:20:03.20744+00,0.106984,0.563888,
9b6902da-e5ee-401b-bec0-eb345ea09db1,numbered,44715,completed,sold,1,2026-06-08 16:20:02.601543+00,2026-06-08 16:20:03.104824+00,2026-06-08 16:20:03.212181+00,0.107357,0.610638,
c8779ec1-b7ae-41d5-8d0a-fa60d7523ef9,numbered,94823,completed,sold,1,2026-06-08 16:20:02.685484+00,2026-06-08 16:20:03.110339+00,2026-06-08 16:20:03.21735+00,0.107011,0.531866,
74044031-ba53-42e4-aec7-131d77907f3c,numbered,59071,completed,sold,1,2026-06-08 16:20:02.729587+00,2026-06-08 16:20:03.191919+00,2026-06-08 16:20:03.296611+00,0.104692,0.567024,
7b10ce6a-f151-4a65-ac72-54e0676e08bd,numbered,54999,completed,sold,1,2026-06-08 16:20:02.768272+00,2026-06-08 16:20:03.236117+00,2026-06-08 16:20:03.341647+00,0.105530,0.573375,
9da42a5f-d2b6-4cd1-98bf-857ba5c16b29,numbered,92857,completed,sold,1,2026-06-08 16:20:02.809402+00,2026-06-08 16:20:03.246653+00,2026-06-08 16:20:03.352294+00,0.105641,0.542892,
083fd6e0-44c2-4f2a-94de-ac7c94aaab31,numbered,13929,completed,sold,1,2026-06-08 16:20:02.851217+00,2026-06-08 16:20:03.253603+00,2026-06-08 16:20:03.359158+00,0.105555,0.507941,
1e65f208-fcf2-4a93-b259-cc33f67b822b,numbered,93169,completed,sold,1,2026-06-08 16:20:02.892778+00,2026-06-08 16:20:03.319006+00,2026-06-08 16:20:03.423935+00,0.104929,0.531157,
d66a2f0b-87b7-4b65-96e0-88a59c6a4b86,numbered,76350,completed,sold,1,2026-06-08 16:20:02.934686+00,2026-06-08 16:20:03.370364+00,2026-06-08 16:20:03.476209+00,0.105845,0.541523,
03ec750b-d254-4a51-b724-5c41a57cd18e,numbered,16902,completed,sold,1,2026-06-08 16:20:03.018061+00,2026-06-08 16:20:03.384729+00,2026-06-08 16:20:03.49026+00,0.105531,0.472199,
ddec11ef-0595-4226-808d-2e27ce087804,numbered,14079,completed,sold,1,2026-06-08 16:20:02.97622+00,2026-06-08 16:20:03.384729+00,2026-06-08 16:20:03.491325+00,0.106596,0.515105,
f3fda5ce-85e8-4977-b7f3-bf3b6185af18,numbered,66255,completed,sold,1,2026-06-08 16:20:03.059462+00,2026-06-08 16:20:03.446154+00,2026-06-08 16:20:03.550951+00,0.104797,0.491489,
7ca459c3-87a6-4fc5-af5b-4416cf9d9f12,numbered,89416,completed,sold,1,2026-06-08 16:20:03.100981+00,2026-06-08 16:20:03.5034+00,2026-06-08 16:20:03.608743+00,0.105343,0.507762,
f399aca9-ef8b-4827-9364-5608f0d14de1,numbered,46539,completed,sold,1,2026-06-08 16:20:03.143019+00,2026-06-08 16:20:03.516066+00,2026-06-08 16:20:03.621065+00,0.104999,0.478046,
9a9aa9bd-d2d9-431b-a4c8-10ae83b5a24c,numbered,64123,completed,sold,1,2026-06-08 16:20:03.184906+00,2026-06-08 16:20:03.533756+00,2026-06-08 16:20:03.640322+00,0.106566,0.455416,
59112b32-a27f-4c06-98fe-235e9fae3887,numbered,86985,completed,sold,1,2026-06-08 16:20:03.226012+00,2026-06-08 16:20:03.574521+00,2026-06-08 16:20:03.678992+00,0.104471,0.452980,
dc4e492a-7f72-411e-b765-00cb3fcc3939,numbered,13210,completed,sold,1,2026-06-08 16:20:03.268237+00,2026-06-08 16:20:03.635326+00,2026-06-08 16:20:03.740652+00,0.105326,0.472415,
45863444-ff7c-416d-a842-06d3e4085239,numbered,89751,completed,sold,1,2026-06-08 16:20:03.309426+00,2026-06-08 16:20:03.646594+00,2026-06-08 16:20:03.751612+00,0.105018,0.442186,
6afef0f6-b999-4ca2-95f4-23ade0c27c35,numbered,37027,completed,sold,1,2026-06-08 16:20:03.351038+00,2026-06-08 16:20:03.670848+00,2026-06-08 16:20:03.77613+00,0.105282,0.425092,
c4d2f240-bf37-4929-9986-88c035b915e2,numbered,92526,completed,sold,1,2026-06-08 16:20:03.392819+00,2026-06-08 16:20:03.700947+00,2026-06-08 16:20:03.805564+00,0.104617,0.412745,
6e7c3ebc-21b3-4b89-b3e0-7cd250106693,numbered,89819,completed,sold,1,2026-06-08 16:20:03.434323+00,2026-06-08 16:20:03.767649+00,2026-06-08 16:20:03.873116+00,0.105467,0.438793,
b9dba26f-314d-4174-a809-a8c23e51a4a6,numbered,23384,completed,sold,1,2026-06-08 16:20:03.476178+00,2026-06-08 16:20:03.775763+00,2026-06-08 16:20:03.880849+00,0.105086,0.404671,
6ef0cdf6-66f7-422c-b21a-f37c22eb609e,numbered,48718,completed,sold,1,2026-06-08 16:20:03.517845+00,2026-06-08 16:20:03.818946+00,2026-06-08 16:20:03.92409+00,0.105144,0.406245,
cad2bd4d-9501-4c5f-b2c5-f538d0e7bcd5,numbered,39680,completed,sold,1,2026-06-08 16:20:03.56014+00,2026-06-08 16:20:03.827406+00,2026-06-08 16:20:03.933034+00,0.105628,0.372894,
60fa698e-8820-430c-8cfe-0c3c546a12f1,numbered,5403,completed,sold,1,2026-06-08 16:20:03.60104+00,2026-06-08 16:20:03.899501+00,2026-06-08 16:20:04.008575+00,0.109074,0.407535,
cf55c9e3-fdf9-4727-aa8c-3682a2938694,numbered,17612,completed,sold,1,2026-06-08 16:20:03.64277+00,2026-06-08 16:20:03.903571+00,2026-06-08 16:20:04.00936+00,0.105789,0.366590,
975fa996-35e5-4d88-a805-af05d30c355b,numbered,78790,completed,sold,1,2026-06-08 16:20:03.684892+00,2026-06-08 16:20:03.949589+00,2026-06-08 16:20:04.057202+00,0.107613,0.372310,
27080d80-41cf-4fed-8576-f0b44133e56e,numbered,96992,completed,sold,1,2026-06-08 16:20:03.726131+00,2026-06-08 16:20:03.955396+00,2026-06-08 16:20:04.060103+00,0.104707,0.333972,
5db21ae2-e7f2-4a9d-b9bf-0b640ad65767,numbered,9319,completed,sold,1,2026-06-08 16:20:03.809203+00,2026-06-08 16:20:04.036084+00,2026-06-08 16:20:04.142011+00,0.105927,0.332808,
919c284f-130a-4c6b-8593-793bb2b5803c,numbered,42422,completed,sold,1,2026-06-08 16:20:03.767593+00,2026-06-08 16:20:04.036576+00,2026-06-08 16:20:04.14238+00,0.105804,0.374787,
2cac4509-902d-4945-a99d-9cc005c6653d,numbered,95520,completed,sold,1,2026-06-08 16:20:03.851069+00,2026-06-08 16:20:04.085316+00,2026-06-08 16:20:04.189874+00,0.104558,0.338805,
db9ad557-47d8-4aeb-9228-0b2df1befc12,numbered,35610,completed,sold,1,2026-06-08 16:20:03.89259+00,2026-06-08 16:20:04.092811+00,2026-06-08 16:20:04.198213+00,0.105402,0.305623,
786815e2-d2d0-491c-b123-036ef40203e2,numbered,52847,completed,sold,1,2026-06-08 16:20:03.976113+00,2026-06-08 16:20:04.168631+00,2026-06-08 16:20:04.274044+00,0.105413,0.297931,
3a182cc6-e99b-4c5c-82f8-5c51120b7af0,numbered,68964,completed,sold,1,2026-06-08 16:20:03.934204+00,2026-06-08 16:20:04.167221+00,2026-06-08 16:20:04.277687+00,0.110466,0.343483,
dd8017d1-f0e4-412c-b204-34522e9cc7ed,numbered,7963,completed,sold,1,2026-06-08 16:20:04.017647+00,2026-06-08 16:20:04.213621+00,2026-06-08 16:20:04.318409+00,0.104788,0.300762,
ed43e49e-b445-48ed-9fba-873fcd08e554,numbered,61361,completed,sold,1,2026-06-08 16:20:04.05936+00,2026-06-08 16:20:04.22569+00,2026-06-08 16:20:04.331617+00,0.105927,0.272257,
033e32f9-be2d-45d5-a7c4-dc33f750a2c7,numbered,45899,completed,sold,1,2026-06-08 16:20:04.100982+00,2026-06-08 16:20:04.300941+00,2026-06-08 16:20:04.407199+00,0.106258,0.306217,
071cb06a-35e0-4afe-a969-dc2082096bd7,numbered,23571,completed,sold,1,2026-06-08 16:20:04.142651+00,2026-06-08 16:20:04.302301+00,2026-06-08 16:20:04.40731+00,0.105009,0.264659,
8bb2dc5c-40ad-4550-b4fa-17d462925c9d,numbered,88734,completed,sold,1,2026-06-08 16:20:04.184683+00,2026-06-08 16:20:04.341585+00,2026-06-08 16:20:04.446533+00,0.104948,0.261850,
eb4ecd9d-c762-4be0-af04-c1a00c9af762,numbered,63851,completed,sold,1,2026-06-08 16:20:04.226024+00,2026-06-08 16:20:04.359487+00,2026-06-08 16:20:04.466374+00,0.106887,0.240350,
c6b2a138-cce5-41fb-934b-32ed827e2287,numbered,22385,completed,sold,1,2026-06-08 16:20:04.267918+00,2026-06-08 16:20:04.433049+00,2026-06-08 16:20:04.538135+00,0.105086,0.270217,
bd038267-3731-4c66-bb35-68608f3d0b28,numbered,34000,completed,sold,1,2026-06-08 16:20:04.309524+00,2026-06-08 16:20:04.437015+00,2026-06-08 16:20:04.542505+00,0.105490,0.232981,
4b430f03-10ce-4a09-b9ef-a5318f58aa30,numbered,90949,completed,sold,1,2026-06-08 16:20:04.351332+00,2026-06-08 16:20:04.472031+00,2026-06-08 16:20:04.576466+00,0.104435,0.225134,
cd87351d-bfbe-467f-9253-75779cf6eac3,numbered,22070,completed,sold,1,2026-06-08 16:20:04.392992+00,2026-06-08 16:20:04.495567+00,2026-06-08 16:20:04.600821+00,0.105254,0.207829,
f0747db6-94ce-4544-abcd-dc9e99d38323,numbered,53898,completed,sold,1,2026-06-08 16:20:04.434622+00,2026-06-08 16:20:04.564088+00,2026-06-08 16:20:04.670159+00,0.106071,0.235537,
1327bdfb-0ca2-4fd0-875e-af694a63da20,numbered,19337,completed,sold,1,2026-06-08 16:20:04.476064+00,2026-06-08 16:20:04.567881+00,2026-06-08 16:20:04.673773+00,0.105892,0.197709,
a8624ccd-c923-460e-8f72-6d1def8faa5b,numbered,16206,completed,sold,1,2026-06-08 16:20:04.518047+00,2026-06-08 16:20:04.598688+00,2026-06-08 16:20:04.703359+00,0.104671,0.185312,
a726304a-b817-4630-9529-02c7956a28bc,numbered,53949,completed,sold,1,2026-06-08 16:20:04.559354+00,2026-06-08 16:20:04.626342+00,2026-06-08 16:20:04.73132+00,0.104978,0.171966,
437106e5-5b63-43c2-b997-8db715feb804,numbered,67447,completed,sold,1,2026-06-08 16:20:04.600932+00,2026-06-08 16:20:04.695693+00,2026-06-08 16:20:04.800682+00,0.104989,0.199750,
978094f7-b19a-4347-b028-8ec9f3ab5504,numbered,68019,completed,sold,1,2026-06-08 16:20:04.64282+00,2026-06-08 16:20:04.699962+00,2026-06-08 16:20:04.806154+00,0.106192,0.163334,
9bbf11a4-0426-4ef3-8e0b-064313001e19,numbered,1136,completed,sold,1,2026-06-08 16:20:04.684623+00,2026-06-08 16:20:04.726195+00,2026-06-08 16:20:04.830937+00,0.104742,0.146314,
69447302-fac2-4def-b77d-92663c8bbbd9,numbered,94166,completed,sold,1,2026-06-08 16:20:04.725786+00,2026-06-08 16:20:04.754581+00,2026-06-08 16:20:04.859837+00,0.105256,0.134051,
8faf8bd8-5026-4da0-9b84-f187448156c4,numbered,46063,completed,sold,1,2026-06-08 16:20:04.767927+00,2026-06-08 16:20:04.823497+00,2026-06-08 16:20:04.928544+00,0.105047,0.160617,
c22da99d-c361-4204-a402-1a7f73868883,numbered,18371,completed,sold,1,2026-06-08 16:20:04.809311+00,2026-06-08 16:20:04.834166+00,2026-06-08 16:20:04.939556+00,0.105390,0.130245,
b885de57-f627-4fd1-a211-1c5542f60235,numbered,89902,completed,sold,1,2026-06-08 16:20:04.851114+00,2026-06-08 16:20:04.87286+00,2026-06-08 16:20:04.977889+00,0.105029,0.126775,
e349fa86-b133-44fa-87aa-e77cce014e51,numbered,47312,completed,sold,1,2026-06-08 16:20:04.892812+00,2026-06-08 16:20:04.91715+00,2026-06-08 16:20:05.022548+00,0.105398,0.129736,
7135ccc8-5123-4fe7-8ee8-ef67776ae1c6,numbered,44519,completed,sold,1,2026-06-08 16:20:04.934426+00,2026-06-08 16:20:04.955789+00,2026-06-08 16:20:05.060698+00,0.104909,0.126272,
e623efb7-60e1-41b5-9162-2b0770ffb84c,numbered,8954,completed,sold,1,2026-06-08 16:20:04.976084+00,2026-06-08 16:20:05.000824+00,2026-06-08 16:20:05.106166+00,0.105342,0.130082,
9047a330-f414-4e13-a2df-2747d884c57a,numbered,46710,completed,sold,1,2026-06-08 16:20:05.01773+00,2026-06-08 16:20:05.042885+00,2026-06-08 16:20:05.147968+00,0.105083,0.130238,
29c1d562-b5d3-4d27-8b83-cc37a05b0410,numbered,82999,completed,sold,1,2026-06-08 16:20:05.059389+00,2026-06-08 16:20:05.089552+00,2026-06-08 16:20:05.195919+00,0.106367,0.136530,
56ff83c4-690a-4d27-83e3-b74115cfb3b8,numbered,23827,completed,sold,1,2026-06-08 16:20:05.101048+00,2026-06-08 16:20:05.12358+00,2026-06-08 16:20:05.228387+00,0.104807,0.127339,
c21c189d-4452-4877-8d28-c6a4e6f4cf20,numbered,43159,completed,sold,1,2026-06-08 16:20:05.142788+00,2026-06-08 16:20:05.167498+00,2026-06-08 16:20:05.274043+00,0.106545,0.131255,
0c66feb9-a344-4dab-9a37-c165b0246db1,numbered,30115,completed,sold,1,2026-06-08 16:20:05.184609+00,2026-06-08 16:20:05.208108+00,2026-06-08 16:20:05.312794+00,0.104686,0.128185,
629393c5-ce61-4651-af37-85f733a3bf73,numbered,98542,completed,sold,1,2026-06-08 16:20:05.226044+00,2026-06-08 16:20:05.251675+00,2026-06-08 16:20:05.358258+00,0.106583,0.132214,
2c6d04ff-c609-4133-8def-5378437792d8,numbered,62304,completed,sold,1,2026-06-08 16:20:05.268033+00,2026-06-08 16:20:05.299305+00,2026-06-08 16:20:05.404233+00,0.104928,0.136200,
5a47e0a4-9833-4c06-87e3-84a62b1d6eb2,numbered,98264,completed,sold,1,2026-06-08 16:20:05.309464+00,2026-06-08 16:20:05.334664+00,2026-06-08 16:20:05.440241+00,0.105577,0.130777,
05554808-800b-4a15-a00f-c0639795fcd5,numbered,26494,completed,sold,1,2026-06-08 16:20:05.351103+00,2026-06-08 16:20:05.373746+00,2026-06-08 16:20:05.479935+00,0.106189,0.128832,
3e5618f7-df30-463e-9e4e-4b322f9989a1,numbered,72804,completed,sold,1,2026-06-08 16:20:05.39277+00,2026-06-08 16:20:05.41664+00,2026-06-08 16:20:05.522263+00,0.105623,0.129493,
a72819e2-b480-4d16-a023-e7f82762cd78,numbered,76087,completed,sold,1,2026-06-08 16:20:05.434555+00,2026-06-08 16:20:05.460318+00,2026-06-08 16:20:05.565427+00,0.105109,0.130872,
488f32cb-d241-486a-9a1b-85fc373420f8,numbered,12713,completed,sold,1,2026-06-08 16:20:05.476116+00,2026-06-08 16:20:05.503062+00,2026-06-08 16:20:05.609025+00,0.105963,0.132909,
2298b265-ea68-4f9d-80da-dbcbff875bfd,numbered,66402,completed,sold,1,2026-06-08 16:20:05.518055+00,2026-06-08 16:20:05.540986+00,2026-06-08 16:20:05.645898+00,0.104912,0.127843,
a2ba4cc5-23ec-4e24-b4bd-c912c9d282ba,numbered,36692,completed,sold,1,2026-06-08 16:20:05.55949+00,2026-06-08 16:20:05.584436+00,2026-06-08 16:20:05.68939+00,0.104954,0.129900,
c3e79a1c-b380-4a6a-8820-96ac756b695c,numbered,82864,completed,sold,1,2026-06-08 16:20:05.6011+00,2026-06-08 16:20:05.623318+00,2026-06-08 16:20:05.728383+00,0.105065,0.127283,
08b25b41-356d-42cd-a1c8-20faff1e3d98,numbered,42825,completed,sold,1,2026-06-08 16:20:05.642905+00,2026-06-08 16:20:05.667933+00,2026-06-08 16:20:05.774524+00,0.106591,0.131619,
6aa60e91-9735-4371-837f-00d79818e87c,numbered,36894,completed,sold,1,2026-06-08 16:20:05.684512+00,2026-06-08 16:20:05.70605+00,2026-06-08 16:20:05.811796+00,0.105746,0.127284,
f88b16d8-e51f-4b3c-8d4d-ce77d91302e6,numbered,4806,completed,sold,1,2026-06-08 16:20:05.726124+00,2026-06-08 16:20:05.750916+00,2026-06-08 16:20:05.855815+00,0.104899,0.129691,
33f5d581-191b-455b-b186-5c60a4412de6,numbered,38887,completed,sold,1,2026-06-08 16:20:05.767909+00,2026-06-08 16:20:05.790777+00,2026-06-08 16:20:05.89573+00,0.104953,0.127821,
e4575421-e803-4e70-806c-c1b91ebf4858,numbered,84184,completed,sold,1,2026-06-08 16:20:05.809368+00,2026-06-08 16:20:05.83515+00,2026-06-08 16:20:05.941256+00,0.106106,0.131888,
8486e366-6c16-4b38-8d2b-b62cbdcfbe4d,numbered,86541,completed,sold,1,2026-06-08 16:20:05.851119+00,2026-06-08 16:20:05.873156+00,2026-06-08 16:20:05.978186+00,0.105030,0.127067,
9a9f5f82-a837-40e0-8fc9-87b671ac8029,numbered,64025,completed,sold,1,2026-06-08 16:20:05.892758+00,2026-06-08 16:20:05.915796+00,2026-06-08 16:20:06.021196+00,0.105400,0.128438,
fde192d5-af66-40d2-a803-be43abcb7faf,numbered,58311,completed,sold,1,2026-06-08 16:20:05.934566+00,2026-06-08 16:20:05.957586+00,2026-06-08 16:20:06.062443+00,0.104857,0.127877,
fc895297-0743-4b4f-8dc6-36cbf2e70c5d,numbered,2922,completed,sold,1,2026-06-08 16:20:05.976065+00,2026-06-08 16:20:06.003771+00,2026-06-08 16:20:06.110511+00,0.106740,0.134446,
38930f0e-90c5-41c7-a55e-d27f392b9a3a,numbered,59370,completed,sold,1,2026-06-08 16:20:06.017947+00,2026-06-08 16:20:06.041667+00,2026-06-08 16:20:06.150548+00,0.108881,0.132601,
e70c977c-2249-41c8-b5b0-d7b5ca4db77d,numbered,80561,completed,sold,1,2026-06-08 16:20:06.059441+00,2026-06-08 16:20:06.083242+00,2026-06-08 16:20:06.189239+00,0.105997,0.129798,
5d40555c-8047-4e16-8cd7-d3edda5982a4,numbered,10328,completed,sold,1,2026-06-08 16:20:06.101288+00,2026-06-08 16:20:06.12478+00,2026-06-08 16:20:06.230159+00,0.105379,0.128871,
4d4c0195-a62e-42db-a283-bf49705c23b6,numbered,1288,completed,sold,1,2026-06-08 16:20:06.146212+00,2026-06-08 16:20:06.17205+00,2026-06-08 16:20:06.279533+00,0.107483,0.133321,
18a42da0-c2af-4d1c-acdd-045f1a7952f1,numbered,90631,completed,sold,1,2026-06-08 16:20:06.184639+00,2026-06-08 16:20:06.208552+00,2026-06-08 16:20:06.313543+00,0.104991,0.128904,
104ce107-10b6-434e-a0a9-06773d11e521,numbered,99470,completed,sold,1,2026-06-08 16:20:06.226258+00,2026-06-08 16:20:06.251606+00,2026-06-08 16:20:06.357259+00,0.105653,0.131001,
7dfdf7fa-0650-44a6-9c3e-b2f6bcba47cf,numbered,13633,completed,sold,1,2026-06-08 16:20:06.269292+00,2026-06-08 16:20:06.293537+00,2026-06-08 16:20:06.398188+00,0.104651,0.128896,
602735c4-5603-4327-8628-abf5083054e7,numbered,10087,completed,sold,1,2026-06-08 16:20:06.309505+00,2026-06-08 16:20:06.334361+00,2026-06-08 16:20:06.440006+00,0.105645,0.130501,
cdfe4701-53c8-4344-8890-eee9c13dba3f,numbered,17662,completed,sold,1,2026-06-08 16:20:06.351211+00,2026-06-08 16:20:06.373624+00,2026-06-08 16:20:06.487878+00,0.114254,0.136667,
d8b5092a-fdec-405f-80eb-6876dc42fd51,numbered,94377,completed,sold,1,2026-06-08 16:20:06.392726+00,2026-06-08 16:20:06.416315+00,2026-06-08 16:20:06.522072+00,0.105757,0.129346,
cec5c163-cefb-4157-ba09-096bf4dd7c0f,numbered,98706,completed,sold,1,2026-06-08 16:20:06.434628+00,2026-06-08 16:20:06.467481+00,2026-06-08 16:20:06.57268+00,0.105199,0.138052,
3d0a284f-e12d-49ad-98da-bac6505cc804,numbered,85711,completed,sold,1,2026-06-08 16:20:06.478081+00,2026-06-08 16:20:06.511511+00,2026-06-08 16:20:06.617486+00,0.105975,0.139405,
09422990-2c78-4901-ad3d-1d6e724e6ba1,numbered,8024,completed,sold,1,2026-06-08 16:20:06.518031+00,2026-06-08 16:20:06.540911+00,2026-06-08 16:20:06.646139+00,0.105228,0.128108,
8d3c4e38-de9b-45c9-b364-de56ffa8919a,numbered,98438,completed,sold,1,2026-06-08 16:20:06.559551+00,2026-06-08 16:20:06.582841+00,2026-06-08 16:20:06.687988+00,0.105147,0.128437,
48e72404-e7fb-43a1-a9a5-3402f46acb45,numbered,48683,completed,sold,1,2026-06-08 16:20:06.601381+00,2026-06-08 16:20:06.6262+00,2026-06-08 16:20:06.730891+00,0.104691,0.129510,
38f6211d-72d7-4f17-b1a9-5751e6c8d564,numbered,23327,completed,sold,1,2026-06-08 16:20:06.64298+00,2026-06-08 16:20:06.668317+00,2026-06-08 16:20:06.774372+00,0.106055,0.131392,
519019da-8797-48c9-ac15-084f09d5e2cc,numbered,39289,completed,sold,1,2026-06-08 16:20:06.684588+00,2026-06-08 16:20:06.707124+00,2026-06-08 16:20:06.812301+00,0.105177,0.127713,
dee7c5f4-60d9-4e94-9140-45cd2bd1b80f,numbered,94535,completed,sold,1,2026-06-08 16:20:06.726087+00,2026-06-08 16:20:06.753274+00,2026-06-08 16:20:06.858328+00,0.105054,0.132241,
d4372a4f-4fef-42ed-91b7-a10feee5b14b,numbered,50986,completed,sold,1,2026-06-08 16:20:06.767993+00,2026-06-08 16:20:06.792871+00,2026-06-08 16:20:06.898208+00,0.105337,0.130215,
5af595cb-9ab6-46d1-b182-ad726215f312,numbered,68204,completed,sold,1,2026-06-08 16:20:06.809541+00,2026-06-08 16:20:06.834862+00,2026-06-08 16:20:06.940191+00,0.105329,0.130650,
2c1e0209-2c34-4c7d-80ae-d23a2efb87a0,numbered,92634,completed,sold,1,2026-06-08 16:20:06.851269+00,2026-06-08 16:20:06.874294+00,2026-06-08 16:20:06.979428+00,0.105134,0.128159,
faf442a9-2ec4-459b-8a4b-3b2d5dce7a69,numbered,8186,completed,sold,1,2026-06-08 16:20:06.892963+00,2026-06-08 16:20:06.916136+00,2026-06-08 16:20:07.02189+00,0.105754,0.128927,
bb558e48-07c7-4d11-87f2-d82d65151aa5,numbered,17923,completed,sold,1,2026-06-08 16:20:06.934614+00,2026-06-08 16:20:06.957252+00,2026-06-08 16:20:07.062142+00,0.104890,0.127528,
c129efa0-c319-47b0-a6e0-fd743dcddd48,numbered,68447,completed,sold,1,2026-06-08 16:20:06.976254+00,2026-06-08 16:20:07.001672+00,2026-06-08 16:20:07.107488+00,0.105816,0.131234,
85f1d34a-a890-4325-b24e-07e722e5bce9,numbered,19051,completed,sold,1,2026-06-08 16:20:07.018342+00,2026-06-08 16:20:07.042217+00,2026-06-08 16:20:07.146797+00,0.104580,0.128455,
ccb0dd63-f8b1-49d3-9a4c-39da469f4a90,numbered,28364,completed,sold,1,2026-06-08 16:20:07.059531+00,2026-06-08 16:20:07.090925+00,2026-06-08 16:20:07.195626+00,0.104701,0.136095,
ae01f1e4-ce67-441e-8bda-933d9fa60574,numbered,30370,completed,sold,1,2026-06-08 16:20:07.100971+00,2026-06-08 16:20:07.122995+00,2026-06-08 16:20:07.228068+00,0.105073,0.127097,
59b8bcb1-c652-45fb-92f5-ec2e0bc2fd15,numbered,42743,completed,sold,1,2026-06-08 16:20:07.142961+00,2026-06-08 16:20:07.167832+00,2026-06-08 16:20:07.273616+00,0.105784,0.130655,
be1d263b-cb94-457f-b2dc-9fde0bab53f6,numbered,1070,completed,sold,1,2026-06-08 16:20:07.184576+00,2026-06-08 16:20:07.2066+00,2026-06-08 16:20:07.311552+00,0.104952,0.126976,
74e05331-12b2-45e2-a135-b22f5f0dc76e,numbered,50138,completed,sold,1,2026-06-08 16:20:07.226008+00,2026-06-08 16:20:07.249044+00,2026-06-08 16:20:07.353647+00,0.104603,0.127639,
657b0aa9-b480-4551-a5cf-db3f46eaf4d3,numbered,52054,completed,sold,1,2026-06-08 16:20:07.267722+00,2026-06-08 16:20:07.289431+00,2026-06-08 16:20:07.394378+00,0.104947,0.126656,
3ab4d509-da66-4d9b-a327-b087aab7bece,numbered,84522,completed,sold,1,2026-06-08 16:20:07.309263+00,2026-06-08 16:20:07.333682+00,2026-06-08 16:20:07.439601+00,0.105919,0.130338,
f20a6d48-433d-4d5a-901f-bf488a9fe9c3,numbered,9675,completed,sold,1,2026-06-08 16:20:07.351007+00,2026-06-08 16:20:07.372954+00,2026-06-08 16:20:07.484264+00,0.111310,0.133257,
98c376ba-3d31-4269-9d0e-95ba012510d2,numbered,41645,completed,sold,1,2026-06-08 16:20:07.392784+00,2026-06-08 16:20:07.416255+00,2026-06-08 16:20:07.526378+00,0.110123,0.133594,
d34a72c8-feb7-4091-893c-86be08dd51ff,numbered,65116,completed,sold,1,2026-06-08 16:20:07.434595+00,2026-06-08 16:20:07.460694+00,2026-06-08 16:20:07.565588+00,0.104894,0.130993,
4a4ac48d-b8ff-41c6-bccb-bb276f5c5ab9,numbered,30400,completed,sold,1,2026-06-08 16:20:07.477413+00,2026-06-08 16:20:07.504583+00,2026-06-08 16:20:07.610769+00,0.106186,0.133356,
dde7123c-3697-4218-95ba-4afaa9ce5ce0,numbered,25916,completed,sold,1,2026-06-08 16:20:07.517979+00,2026-06-08 16:20:07.543681+00,2026-06-08 16:20:07.648022+00,0.104341,0.130043,
76747419-7282-4514-91f7-16d618ba2180,numbered,64547,completed,sold,1,2026-06-08 16:20:07.559543+00,2026-06-08 16:20:07.58866+00,2026-06-08 16:20:07.693939+00,0.105279,0.134396,
5a35f010-7a21-448c-80fe-7360cc183734,numbered,38017,completed,sold,1,2026-06-08 16:20:07.601163+00,2026-06-08 16:20:07.625033+00,2026-06-08 16:20:07.729727+00,0.104694,0.128564,
7463a8ac-4dd3-4d96-ad9e-544d18d53585,numbered,37708,completed,sold,1,2026-06-08 16:20:07.643036+00,2026-06-08 16:20:07.668646+00,2026-06-08 16:20:07.774399+00,0.105753,0.131363,
f9d8c70e-7cf4-4e29-9df3-14c230f49230,numbered,9745,completed,sold,1,2026-06-08 16:20:07.684617+00,2026-06-08 16:20:07.706371+00,2026-06-08 16:20:07.811407+00,0.105036,0.126790,
4cf6ecd4-ca45-49f5-9856-4abd0f03c081,numbered,11136,completed,sold,1,2026-06-08 16:20:07.726207+00,2026-06-08 16:20:07.748787+00,2026-06-08 16:20:07.853984+00,0.105197,0.127777,
5c1ce32b-1a97-4df2-a158-d9457d1ee4fb,numbered,13551,completed,sold,1,2026-06-08 16:20:07.768+00,2026-06-08 16:20:07.790331+00,2026-06-08 16:20:07.89541+00,0.105079,0.127410,
5d55eab9-0a6b-42cf-9219-16ca374ea9f0,numbered,29752,completed,sold,1,2026-06-08 16:20:07.809446+00,2026-06-08 16:20:07.835385+00,2026-06-08 16:20:07.940593+00,0.105208,0.131147,
260b3476-0a07-43e6-9988-89f8638ff057,numbered,35930,completed,sold,1,2026-06-08 16:20:07.85113+00,2026-06-08 16:20:07.873273+00,2026-06-08 16:20:07.97821+00,0.104937,0.127080,
fd7b6394-c3b9-450c-ab96-e3e30b2f09c1,numbered,39151,completed,sold,1,2026-06-08 16:20:07.892871+00,2026-06-08 16:20:07.915638+00,2026-06-08 16:20:08.020698+00,0.105060,0.127827,
ccde328b-e066-4bf6-95d2-21c779a3a55f,numbered,38137,completed,sold,1,2026-06-08 16:20:07.934569+00,2026-06-08 16:20:07.957357+00,2026-06-08 16:20:08.062362+00,0.105005,0.127793,
7152ed64-ec63-457a-9c02-bbdee71e9cff,numbered,61512,completed,sold,1,2026-06-08 16:20:07.976163+00,2026-06-08 16:20:08.001706+00,2026-06-08 16:20:08.107923+00,0.106217,0.131760,
f5a392d1-200f-43a2-9596-5fb10d1b680f,numbered,22377,completed,sold,1,2026-06-08 16:20:08.017991+00,2026-06-08 16:20:08.039566+00,2026-06-08 16:20:08.144243+00,0.104677,0.126252,
d10a217d-a218-4f13-8e8f-d1fbaef5fe26,numbered,55664,completed,sold,1,2026-06-08 16:20:08.059386+00,2026-06-08 16:20:08.084911+00,2026-06-08 16:20:08.190143+00,0.105232,0.130757,
0978e646-b4a9-4815-8e86-660df0389341,numbered,95943,completed,sold,1,2026-06-08 16:20:08.100976+00,2026-06-08 16:20:08.122493+00,2026-06-08 16:20:08.227582+00,0.105089,0.126606,
dc290f72-92b4-4476-a8c6-0919274a8c9c,numbered,67915,completed,sold,1,2026-06-08 16:20:08.1427+00,2026-06-08 16:20:08.167859+00,2026-06-08 16:20:08.273299+00,0.105440,0.130599,
6a3ff424-c26c-4dde-aaa1-fd72539189c0,numbered,65824,completed,sold,1,2026-06-08 16:20:08.184479+00,2026-06-08 16:20:08.206286+00,2026-06-08 16:20:08.311404+00,0.105118,0.126925,
17453cbd-e247-405c-9a36-8cba1438779b,numbered,39406,completed,sold,1,2026-06-08 16:20:08.226025+00,2026-06-08 16:20:08.249303+00,2026-06-08 16:20:08.354305+00,0.105002,0.128280,
14afbd90-d6a2-4db9-b9c8-fd1c86779786,numbered,97601,completed,sold,1,2026-06-08 16:20:08.267964+00,2026-06-08 16:20:08.291173+00,2026-06-08 16:20:08.395775+00,0.104602,0.127811,
5ae2247d-68f5-4296-b9b9-89ffc30ce0a0,numbered,1002,completed,sold,1,2026-06-08 16:20:08.309402+00,2026-06-08 16:20:08.3343+00,2026-06-08 16:20:08.43965+00,0.105350,0.130248,
459b39c4-787f-4f40-852e-c486000a07ba,numbered,2995,completed,sold,1,2026-06-08 16:20:08.351126+00,2026-06-08 16:20:08.372928+00,2026-06-08 16:20:08.477983+00,0.105055,0.126857,
b874d235-60e8-4631-9424-b28ef46bf106,numbered,20954,completed,sold,1,2026-06-08 16:20:08.392832+00,2026-06-08 16:20:08.415621+00,2026-06-08 16:20:08.521273+00,0.105652,0.128441,
d74f8462-fa3c-410c-a7f6-093178a32d25,numbered,85587,completed,sold,1,2026-06-08 16:20:08.434326+00,2026-06-08 16:20:08.457086+00,2026-06-08 16:20:08.562028+00,0.104942,0.127702,
257952e7-950e-49e2-b43d-ee4eaae0c183,numbered,26994,completed,sold,1,2026-06-08 16:20:08.476397+00,2026-06-08 16:20:08.501488+00,2026-06-08 16:20:08.607334+00,0.105846,0.130937,
e5e3d19d-e6df-4206-aeb7-b3b3039ad747,numbered,65576,completed,sold,1,2026-06-08 16:20:08.517876+00,2026-06-08 16:20:08.541119+00,2026-06-08 16:20:08.645969+00,0.104850,0.128093,
4c449d67-7549-4dd5-b605-63a61f047f66,numbered,29512,completed,sold,1,2026-06-08 16:20:08.559525+00,2026-06-08 16:20:08.583977+00,2026-06-08 16:20:08.688904+00,0.104927,0.129379,
f0dc22aa-aefd-4c13-8610-9c6357ab09b2,numbered,65622,completed,sold,1,2026-06-08 16:20:08.601104+00,2026-06-08 16:20:08.623517+00,2026-06-08 16:20:08.728357+00,0.104840,0.127253,
e7992393-58bc-44a4-8656-01d937ba1c43,numbered,60065,completed,sold,1,2026-06-08 16:20:08.642885+00,2026-06-08 16:20:08.668358+00,2026-06-08 16:20:08.774185+00,0.105827,0.131300,
23605fc2-307d-41da-b9cb-61e7c0b34f1c,numbered,35883,completed,sold,1,2026-06-08 16:20:08.684597+00,2026-06-08 16:20:08.705946+00,2026-06-08 16:20:08.810663+00,0.104717,0.126066,
5d020c48-ca34-4ea5-ae15-04b0a761f4ef,numbered,40295,completed,sold,1,2026-06-08 16:20:08.726003+00,2026-06-08 16:20:08.748434+00,2026-06-08 16:20:08.853425+00,0.104991,0.127422,
6c276d3f-8efc-4160-ae87-79652c65a342,numbered,43308,completed,sold,1,2026-06-08 16:20:08.767662+00,2026-06-08 16:20:08.789515+00,2026-06-08 16:20:08.894321+00,0.104806,0.126659,
7eede15d-7eb1-4188-91fe-555638a4cd82,numbered,9799,completed,sold,1,2026-06-08 16:20:08.809255+00,2026-06-08 16:20:08.834283+00,2026-06-08 16:20:08.939833+00,0.105550,0.130578,
060fcc3f-d7f4-4f59-a099-e64360e3633d,numbered,37839,completed,sold,1,2026-06-08 16:20:08.851092+00,2026-06-08 16:20:08.872832+00,2026-06-08 16:20:08.978087+00,0.105255,0.126995,
e7020698-77a8-4fa7-a5d6-d42ffa6aab8e,numbered,30698,completed,sold,1,2026-06-08 16:20:08.89259+00,2026-06-08 16:20:08.915308+00,2026-06-08 16:20:09.020534+00,0.105226,0.127944,
1d7e6b70-c7ec-40c1-b043-92445eb91f8e,numbered,9095,completed,sold,1,2026-06-08 16:20:08.934345+00,2026-06-08 16:20:08.955804+00,2026-06-08 16:20:09.060833+00,0.105029,0.126488,
fc62f60a-4f40-416b-9874-62c4f1b4946e,numbered,78825,completed,sold,1,2026-06-08 16:20:08.976048+00,2026-06-08 16:20:09.00138+00,2026-06-08 16:20:09.106969+00,0.105589,0.130921,
98c21c98-2fff-4965-9a45-384a75f5b5a3,numbered,21605,completed,sold,1,2026-06-08 16:20:09.019031+00,2026-06-08 16:20:09.04105+00,2026-06-08 16:20:09.145711+00,0.104661,0.126680,
12421862-be86-4898-940d-41d37f33da9a,numbered,47009,completed,sold,1,2026-06-08 16:20:09.059396+00,2026-06-08 16:20:09.082123+00,2026-06-08 16:20:09.187206+00,0.105083,0.127810,
7023bf5f-53dd-41a3-a64e-dbb3a7029f3f,numbered,96508,completed,sold,1,2026-06-08 16:20:09.101066+00,2026-06-08 16:20:09.122833+00,2026-06-08 16:20:09.227723+00,0.104890,0.126657,
043bb085-9d2f-4bb7-8c14-9bacfc1c279d,numbered,7732,completed,sold,1,2026-06-08 16:20:09.142741+00,2026-06-08 16:20:09.168104+00,2026-06-08 16:20:09.273646+00,0.105542,0.130905,
d4555268-d761-4a00-ba4e-1cd6f4641450,numbered,10505,completed,sold,1,2026-06-08 16:20:09.184566+00,2026-06-08 16:20:09.206589+00,2026-06-08 16:20:09.311505+00,0.104916,0.126939,
f4d383d0-71d0-4701-a0ed-9d61efaa1fb6,numbered,47601,completed,sold,1,2026-06-08 16:20:09.226098+00,2026-06-08 16:20:09.250271+00,2026-06-08 16:20:09.356229+00,0.105958,0.130131,
dbff6d2c-8e7a-4ee9-a829-7e1950ea86be,numbered,52204,completed,sold,1,2026-06-08 16:20:09.267885+00,2026-06-08 16:20:09.289249+00,2026-06-08 16:20:09.393989+00,0.104740,0.126104,
02b69c36-fb04-4117-9171-c95bfeb41a47,numbered,55700,completed,sold,1,2026-06-08 16:20:09.309402+00,2026-06-08 16:20:09.334533+00,2026-06-08 16:20:09.439835+00,0.105302,0.130433,
a2635ce9-5082-47e1-b7ad-3a18abf1fe88,numbered,70345,completed,sold,1,2026-06-08 16:20:09.350996+00,2026-06-08 16:20:09.372278+00,2026-06-08 16:20:09.4771+00,0.104822,0.126104,
b9508b44-1708-411f-ad0f-a92cfa2746d0,numbered,46047,completed,sold,1,2026-06-08 16:20:09.392652+00,2026-06-08 16:20:09.415593+00,2026-06-08 16:20:09.520341+00,0.104748,0.127689,
88a888c8-c327-4d97-bf50-f0e061982d51,numbered,54074,completed,sold,1,2026-06-08 16:20:09.434383+00,2026-06-08 16:20:09.455711+00,2026-06-08 16:20:09.560386+00,0.104675,0.126003,
d1bd3ada-ce62-494f-8dc8-b96aa2e1dfee,numbered,40571,completed,sold,1,2026-06-08 16:20:09.476127+00,2026-06-08 16:20:09.501596+00,2026-06-08 16:20:09.607354+00,0.105758,0.131227,
19dafe3c-322f-4a69-9aa7-d4ed17890557,numbered,9527,completed,sold,1,2026-06-08 16:20:09.518012+00,2026-06-08 16:20:09.539702+00,2026-06-08 16:20:09.6446+00,0.104898,0.126588,
a807b21e-b307-492b-9c8a-7140f9e5da39,numbered,96819,completed,sold,1,2026-06-08 16:20:09.559436+00,2026-06-08 16:20:09.582454+00,2026-06-08 16:20:09.687611+00,0.105157,0.128175,
3539e61a-1a21-4c53-a2f9-a3fbc5806b66,numbered,90960,completed,sold,1,2026-06-08 16:20:09.601037+00,2026-06-08 16:20:09.622476+00,2026-06-08 16:20:09.727496+00,0.105020,0.126459,
f55349d6-93a0-4be5-9fd9-96fe777ff07a,numbered,91093,completed,sold,1,2026-06-08 16:20:09.642696+00,2026-06-08 16:20:09.667698+00,2026-06-08 16:20:09.773185+00,0.105487,0.130489,
4442d65b-c140-4dcb-ab03-ec9255c7a1c1,numbered,9932,completed,sold,1,2026-06-08 16:20:09.68448+00,2026-06-08 16:20:09.705747+00,2026-06-08 16:20:09.810318+00,0.104571,0.125838,
4b88dc98-c03f-4dbc-bfb7-92f0fe7fb72b,numbered,76092,completed,sold,1,2026-06-08 16:20:09.726017+00,2026-06-08 16:20:09.748434+00,2026-06-08 16:20:09.853378+00,0.104944,0.127361,
39696baf-cfaf-46f9-b3b7-705be0f8c78f,numbered,49421,completed,sold,1,2026-06-08 16:20:09.768014+00,2026-06-08 16:20:09.789468+00,2026-06-08 16:20:09.894329+00,0.104861,0.126315,
9da224ad-6528-4740-a51a-f8a7c90360d8,numbered,96429,completed,sold,1,2026-06-08 16:20:09.8093+00,2026-06-08 16:20:09.834039+00,2026-06-08 16:20:09.939462+00,0.105423,0.130162,
c0232c58-6cf9-40ec-941e-d6f89cb6eaf4,numbered,65464,completed,sold,1,2026-06-08 16:20:09.85106+00,2026-06-08 16:20:09.872685+00,2026-06-08 16:20:09.977335+00,0.104650,0.126275,
b005849c-d5b6-4d18-badf-282fb378302f,numbered,50962,completed,sold,1,2026-06-08 16:20:09.892759+00,2026-06-08 16:20:09.915775+00,2026-06-08 16:20:10.021455+00,0.105680,0.128696,
d9006540-d69a-404f-a625-be61b24ed8b3,numbered,93600,completed,sold,1,2026-06-08 16:20:09.934461+00,2026-06-08 16:20:09.95532+00,2026-06-08 16:20:10.060007+00,0.104687,0.125546,
0c93fd6f-7e3c-4ca9-b8a0-fd2efced6548,numbered,73700,completed,sold,1,2026-06-08 16:20:09.976065+00,2026-06-08 16:20:10.000248+00,2026-06-08 16:20:10.105642+00,0.105394,0.129577,
951fc0e4-c3df-46de-ad32-71b897ae54c9,numbered,4723,completed,sold,1,2026-06-08 16:20:10.01793+00,2026-06-08 16:20:10.039704+00,2026-06-08 16:20:10.144458+00,0.104754,0.126528,
c79cfbf4-3ff7-4080-8882-c21db9837084,numbered,51376,completed,sold,1,2026-06-08 16:20:10.05948+00,2026-06-08 16:20:10.081656+00,2026-06-08 16:20:10.187098+00,0.105442,0.127618,
db174fd5-687b-463d-807c-4824bdd667f5,numbered,11158,completed,sold,1,2026-06-08 16:20:10.101113+00,2026-06-08 16:20:10.12259+00,2026-06-08 16:20:10.227339+00,0.104749,0.126226,
69b69b9a-714f-4d51-a71f-e8752867b560,numbered,91552,completed,sold,1,2026-06-08 16:20:10.142678+00,2026-06-08 16:20:10.167593+00,2026-06-08 16:20:10.273409+00,0.105816,0.130731,
822a7d15-8522-42b6-9602-2790bdc832c8,numbered,29664,completed,sold,1,2026-06-08 16:20:10.184459+00,2026-06-08 16:20:10.206457+00,2026-06-08 16:20:10.311203+00,0.104746,0.126744,
4aaf1550-5b6a-4ef2-a788-5dedf49daa1b,numbered,92774,completed,sold,1,2026-06-08 16:20:10.226033+00,2026-06-08 16:20:10.249246+00,2026-06-08 16:20:10.35409+00,0.104844,0.128057,
c8ade307-7b34-4c16-b8a0-6912d5f5af5e,numbered,2078,completed,sold,1,2026-06-08 16:20:10.268024+00,2026-06-08 16:20:10.291016+00,2026-06-08 16:20:10.395838+00,0.104822,0.127814,
befe5deb-c67d-4197-ac8d-143c262472e8,numbered,21218,completed,sold,1,2026-06-08 16:20:10.309412+00,2026-06-08 16:20:10.334272+00,2026-06-08 16:20:10.439742+00,0.105470,0.130330,
2dc9d6f9-8d96-48f2-a997-3f9603333dd9,numbered,75883,completed,sold,1,2026-06-08 16:20:10.351135+00,2026-06-08 16:20:10.372714+00,2026-06-08 16:20:10.478126+00,0.105412,0.126991,
c8eeb3a7-9095-457c-925e-b66922c372f5,numbered,84721,completed,sold,1,2026-06-08 16:20:10.392976+00,2026-06-08 16:20:10.41696+00,2026-06-08 16:20:10.52223+00,0.105270,0.129254,
dc58d2e8-caa0-45a8-ab06-f41265944c79,numbered,16937,completed,sold,1,2026-06-08 16:20:10.434675+00,2026-06-08 16:20:10.456401+00,2026-06-08 16:20:10.561644+00,0.105243,0.126969,
220662ea-7aa4-4a26-b7a2-3a23ce6ec466,numbered,69286,completed,sold,1,2026-06-08 16:20:10.47605+00,2026-06-08 16:20:10.50108+00,2026-06-08 16:20:10.606949+00,0.105869,0.130899,
e143d693-0c36-4105-bdb3-cc0a67b5f2bb,numbered,94212,completed,sold,1,2026-06-08 16:20:10.51794+00,2026-06-08 16:20:10.540327+00,2026-06-08 16:20:10.645107+00,0.104780,0.127167,
42f69bb4-802b-42a3-8af6-7057c45828de,numbered,50299,completed,sold,1,2026-06-08 16:20:10.559523+00,2026-06-08 16:20:10.590494+00,2026-06-08 16:20:10.695396+00,0.104902,0.135873,
f4b13729-cb19-4182-b3ba-606d4d522007,numbered,93075,completed,sold,1,2026-06-08 16:20:10.601282+00,2026-06-08 16:20:10.622913+00,2026-06-08 16:20:10.727909+00,0.104996,0.126627,
bf04b4ff-0a30-481c-9a5b-43e63503e0ad,numbered,87074,completed,sold,1,2026-06-08 16:20:10.642936+00,2026-06-08 16:20:10.668127+00,2026-06-08 16:20:10.773679+00,0.105552,0.130743,
77903869-893c-41f0-9f38-0c6917de8a6c,numbered,24156,completed,sold,1,2026-06-08 16:20:10.684743+00,2026-06-08 16:20:10.706973+00,2026-06-08 16:20:10.811855+00,0.104882,0.127112,
f087ec5f-be31-4569-ad7c-cc7e40d6f981,numbered,21125,completed,sold,1,2026-06-08 16:20:10.726074+00,2026-06-08 16:20:10.74922+00,2026-06-08 16:20:10.854732+00,0.105512,0.128658,
3b84e60f-7660-402d-837f-75e43a9481cc,numbered,94358,completed,sold,1,2026-06-08 16:20:10.76821+00,2026-06-08 16:20:10.790315+00,2026-06-08 16:20:10.895327+00,0.105012,0.127117,
03eb84c6-8de3-4e41-9fce-82a8cdfc844b,numbered,44965,completed,sold,1,2026-06-08 16:20:10.809622+00,2026-06-08 16:20:10.834845+00,2026-06-08 16:20:10.940608+00,0.105763,0.130986,
539e3f62-05eb-4d92-bac8-30e824625b77,numbered,51882,completed,sold,1,2026-06-08 16:20:10.851286+00,2026-06-08 16:20:10.873327+00,2026-06-08 16:20:10.978095+00,0.104768,0.126809,
46558bfd-f297-4272-8e00-fe0adccf89bd,numbered,35984,completed,sold,1,2026-06-08 16:20:10.892692+00,2026-06-08 16:20:10.916786+00,2026-06-08 16:20:11.021632+00,0.104846,0.128940,
35d30bdb-5f35-4e55-a7e2-33b6cc914705,numbered,92911,completed,sold,1,2026-06-08 16:20:10.934651+00,2026-06-08 16:20:10.956431+00,2026-06-08 16:20:11.061483+00,0.105052,0.126832,
b5ddd281-f034-461e-a8ad-aff036607f56,numbered,87506,completed,sold,1,2026-06-08 16:20:10.976099+00,2026-06-08 16:20:11.001899+00,2026-06-08 16:20:11.107637+00,0.105738,0.131538,
f4f0ceb6-e0bf-4253-a2fc-b72280f3d118,numbered,21112,completed,sold,1,2026-06-08 16:20:11.01791+00,2026-06-08 16:20:11.041085+00,2026-06-08 16:20:11.146103+00,0.105018,0.128193,
cc0bd120-db84-4e66-882d-4785e5d2f92d,numbered,91794,completed,sold,1,2026-06-08 16:20:11.059426+00,2026-06-08 16:20:11.082804+00,2026-06-08 16:20:11.187785+00,0.104981,0.128359,
99f83837-6d85-4200-a89b-9c1d4dc0c7eb,numbered,47174,completed,sold,1,2026-06-08 16:20:11.101297+00,2026-06-08 16:20:11.123511+00,2026-06-08 16:20:11.228289+00,0.104778,0.126992,
b95050b6-7358-4319-9256-2aa2921f0cc2,numbered,47387,completed,sold,1,2026-06-08 16:20:11.144142+00,2026-06-08 16:20:11.169355+00,2026-06-08 16:20:11.274923+00,0.105568,0.130781,
c2a1bd04-4329-422e-a3b3-c43ead24ace2,numbered,1865,completed,sold,1,2026-06-08 16:20:11.185701+00,2026-06-08 16:20:11.207549+00,2026-06-08 16:20:11.312152+00,0.104603,0.126451,
8c928cf2-b986-419e-a8f0-6839b8a9c2a0,numbered,30790,completed,sold,1,2026-06-08 16:20:11.226169+00,2026-06-08 16:20:11.249084+00,2026-06-08 16:20:11.353723+00,0.104639,0.127554,
126d092b-53ef-41f7-8ffe-7e61cb11e252,numbered,24812,completed,sold,1,2026-06-08 16:20:11.267894+00,2026-06-08 16:20:11.290116+00,2026-06-08 16:20:11.395524+00,0.105408,0.127630,
6892b018-62da-474c-98eb-031061879b78,numbered,24085,completed,sold,1,2026-06-08 16:20:11.309502+00,2026-06-08 16:20:11.334327+00,2026-06-08 16:20:11.439865+00,0.105538,0.130363,
a9b2e998-b71d-4734-b711-29f2e406e100,numbered,28623,completed,sold,1,2026-06-08 16:20:11.351129+00,2026-06-08 16:20:11.372742+00,2026-06-08 16:20:11.478101+00,0.105359,0.126972,
916d9124-6498-4894-bd46-c453c3e20608,numbered,49338,completed,sold,1,2026-06-08 16:20:11.392751+00,2026-06-08 16:20:11.415429+00,2026-06-08 16:20:11.520365+00,0.104936,0.127614,
a2d441a0-ceeb-4ebe-a0f5-97010f181beb,numbered,60321,completed,sold,1,2026-06-08 16:20:11.434537+00,2026-06-08 16:20:11.456276+00,2026-06-08 16:20:11.561481+00,0.105205,0.126944,
847bbc4f-20c2-4c88-89d2-220d47e93836,numbered,23655,completed,sold,1,2026-06-08 16:20:11.476147+00,2026-06-08 16:20:11.501128+00,2026-06-08 16:20:11.606643+00,0.105515,0.130496,
aef39d69-e92d-4dc0-bb85-b08bb08080ae,numbered,23254,completed,sold,1,2026-06-08 16:20:11.518034+00,2026-06-08 16:20:11.54006+00,2026-06-08 16:20:11.644839+00,0.104779,0.126805,
3b74242f-2052-4544-88be-4461a2f56c77,numbered,78759,completed,sold,1,2026-06-08 16:20:11.5595+00,2026-06-08 16:20:11.581593+00,2026-06-08 16:20:11.686968+00,0.105375,0.127468,
79adbde9-0999-4d42-81bf-001ecc4cfa0a,numbered,34808,completed,sold,1,2026-06-08 16:20:11.60102+00,2026-06-08 16:20:11.622982+00,2026-06-08 16:20:11.728049+00,0.105067,0.127029,
5adb0293-83b2-404f-adfa-d678b9777ff8,numbered,86391,completed,sold,1,2026-06-08 16:20:11.642897+00,2026-06-08 16:20:11.667941+00,2026-06-08 16:20:11.773486+00,0.105545,0.130589,
50ef6333-ac84-46a1-a8f5-86554e049828,numbered,94665,completed,sold,1,2026-06-08 16:20:11.684594+00,2026-06-08 16:20:11.706469+00,2026-06-08 16:20:11.811199+00,0.104730,0.126605,
0da389d9-6275-4013-bd72-c2b0bd621ad3,numbered,63836,completed,sold,1,2026-06-08 16:20:11.72618+00,2026-06-08 16:20:11.749265+00,2026-06-08 16:20:11.85408+00,0.104815,0.127900,
ff840318-d055-44d9-bff0-2f261ad5ebca,numbered,96813,completed,sold,1,2026-06-08 16:20:11.767903+00,2026-06-08 16:20:11.78954+00,2026-06-08 16:20:11.894114+00,0.104574,0.126211,
87c77a5e-dd13-4a00-872e-2a8ea7a02b58,numbered,53381,completed,sold,1,2026-06-08 16:20:11.809362+00,2026-06-08 16:20:11.83365+00,2026-06-08 16:20:11.938896+00,0.105246,0.129534,
5e954618-e48e-4bc0-b804-1f141fdf962b,numbered,49910,completed,sold,1,2026-06-08 16:20:11.851108+00,2026-06-08 16:20:11.87281+00,2026-06-08 16:20:11.977782+00,0.104972,0.126674,
9a89e3ea-76e1-43dc-83ed-2c55799818ce,numbered,24858,completed,sold,1,2026-06-08 16:20:11.892753+00,2026-06-08 16:20:11.915236+00,2026-06-08 16:20:12.020401+00,0.105165,0.127648,
8b8dbbd1-c19b-4ea6-9380-a6009b1ff51b,numbered,77206,completed,sold,1,2026-06-08 16:20:11.93464+00,2026-06-08 16:20:11.956054+00,2026-06-08 16:20:12.061301+00,0.105247,0.126661,
b0fbc272-6610-4203-b139-72a0b6c069c8,numbered,39480,completed,sold,1,2026-06-08 16:20:11.976135+00,2026-06-08 16:20:12.000651+00,2026-06-08 16:20:12.105755+00,0.105104,0.129620,
123eacb7-abee-4360-9e24-8ab3b5d3dfe1,numbered,51589,completed,sold,1,2026-06-08 16:20:12.018058+00,2026-06-08 16:20:12.040828+00,2026-06-08 16:20:12.145692+00,0.104864,0.127634,
40cebfde-2bb9-4e9f-b70d-64b676a036f2,numbered,74987,completed,sold,1,2026-06-08 16:20:12.059669+00,2026-06-08 16:20:12.082205+00,2026-06-08 16:20:12.187127+00,0.104922,0.127458,
a4f5f473-b760-412f-97a6-6a043193bb24,numbered,20283,completed,sold,1,2026-06-08 16:20:12.101187+00,2026-06-08 16:20:12.123345+00,2026-06-08 16:20:12.228127+00,0.104782,0.126940,
ca9e01dd-2229-4364-8bdd-006df8d41b4f,numbered,13514,completed,sold,1,2026-06-08 16:20:12.142896+00,2026-06-08 16:20:12.16743+00,2026-06-08 16:20:12.272905+00,0.105475,0.130009,
509692f9-2b8b-4d21-913c-67f7199650d6,numbered,68127,completed,sold,1,2026-06-08 16:20:12.184679+00,2026-06-08 16:20:12.208023+00,2026-06-08 16:20:12.312738+00,0.104715,0.128059,
6d50114a-e064-463c-9f79-17f34e96d66c,numbered,25353,completed,sold,1,2026-06-08 16:20:12.226148+00,2026-06-08 16:20:12.249071+00,2026-06-08 16:20:12.35422+00,0.105149,0.128072,
2f46db02-c881-4db3-bd69-50b4a764b6b0,numbered,40983,completed,sold,1,2026-06-08 16:20:12.267716+00,2026-06-08 16:20:12.289737+00,2026-06-08 16:20:12.394728+00,0.104991,0.127012,
76fce728-9385-4c33-96a1-3042e7ebb439,numbered,67164,completed,sold,1,2026-06-08 16:20:12.309489+00,2026-06-08 16:20:12.334597+00,2026-06-08 16:20:12.440162+00,0.105565,0.130673,
cbd82510-eaf4-4da3-a218-29746464140f,numbered,19260,completed,sold,1,2026-06-08 16:20:12.351165+00,2026-06-08 16:20:12.372987+00,2026-06-08 16:20:12.477785+00,0.104798,0.126620,
2a110187-25a4-434b-bf77-e2e99a6adfe0,numbered,93610,completed,sold,1,2026-06-08 16:20:12.392793+00,2026-06-08 16:20:12.417304+00,2026-06-08 16:20:12.52234+00,0.105036,0.129547,
5e97955e-4f20-4fb8-a338-4a61d2456475,numbered,2652,completed,sold,1,2026-06-08 16:20:12.434551+00,2026-06-08 16:20:12.455746+00,2026-06-08 16:20:12.56123+00,0.105484,0.126679,
bcff3d14-2430-453b-819b-28745891d4a4,numbered,85253,completed,sold,1,2026-06-08 16:20:12.476407+00,2026-06-08 16:20:12.501453+00,2026-06-08 16:20:12.607348+00,0.105895,0.130941,
33270b2d-f071-4c92-a2ce-5bc123305c34,numbered,92643,completed,sold,1,2026-06-08 16:20:12.517984+00,2026-06-08 16:20:12.539807+00,2026-06-08 16:20:12.64487+00,0.105063,0.126886,
3f6787a9-395f-4c15-bc04-96338917b802,numbered,10093,completed,sold,1,2026-06-08 16:20:12.559635+00,2026-06-08 16:20:12.585018+00,2026-06-08 16:20:12.691775+00,0.106757,0.132140,
2611ea52-72ed-4d8e-856c-0bac61b2dc82,numbered,31021,completed,sold,1,2026-06-08 16:20:12.602163+00,2026-06-08 16:20:12.623813+00,2026-06-08 16:20:12.72876+00,0.104947,0.126597,
70c69d0b-5caf-48f1-b7c2-2acfe180bda5,numbered,82154,completed,sold,1,2026-06-08 16:20:12.642913+00,2026-06-08 16:20:12.667967+00,2026-06-08 16:20:12.774083+00,0.106116,0.131170,
5e940eeb-c734-44e4-baac-2f9144193423,numbered,51220,completed,sold,1,2026-06-08 16:20:12.684794+00,2026-06-08 16:20:12.706821+00,2026-06-08 16:20:12.811586+00,0.104765,0.126792,
f8994bbf-ea92-4c5f-9da6-8407b89c952e,numbered,59878,completed,sold,1,2026-06-08 16:20:12.726192+00,2026-06-08 16:20:12.749251+00,2026-06-08 16:20:12.854111+00,0.104860,0.127919,
3d74772c-9a93-48c8-b348-f3675384a1af,numbered,91692,completed,sold,1,2026-06-08 16:20:12.767884+00,2026-06-08 16:20:12.789611+00,2026-06-08 16:20:12.894427+00,0.104816,0.126543,
f4157240-a7d3-4bf7-bae2-3d83a941c369,numbered,67088,completed,sold,1,2026-06-08 16:20:12.809439+00,2026-06-08 16:20:12.834317+00,2026-06-08 16:20:12.941916+00,0.107599,0.132477,
f011d1bb-1ff0-4f34-906d-9402d556b859,numbered,94932,completed,sold,1,2026-06-08 16:20:12.851143+00,2026-06-08 16:20:12.873311+00,2026-06-08 16:20:12.978162+00,0.104851,0.127019,
61230096-d087-42ec-a691-55df28ce882c,numbered,90521,completed,sold,1,2026-06-08 16:20:12.893004+00,2026-06-08 16:20:12.915694+00,2026-06-08 16:20:13.021224+00,0.105530,0.128220,
4cde43b7-967b-48ff-9d3a-39fda42b6cc0,numbered,39008,completed,sold,1,2026-06-08 16:20:12.93446+00,2026-06-08 16:20:12.955774+00,2026-06-08 16:20:13.061133+00,0.105359,0.126673,
4413006b-7b92-4e02-a2e5-962ee8aceeca,numbered,90275,completed,sold,1,2026-06-08 16:20:12.976105+00,2026-06-08 16:20:13.001101+00,2026-06-08 16:20:13.106951+00,0.105850,0.130846,
63b8cd8d-bde7-4e4e-bcca-2a3d7c87502b,numbered,13695,completed,sold,1,2026-06-08 16:20:13.018031+00,2026-06-08 16:20:13.039748+00,2026-06-08 16:20:13.144964+00,0.105216,0.126933,
edb4ab47-f902-42b4-86a3-1c24e0343718,numbered,36551,completed,sold,1,2026-06-08 16:20:13.059628+00,2026-06-08 16:20:13.08303+00,2026-06-08 16:20:13.187947+00,0.104917,0.128319,
84503673-ec8c-42f3-a4e1-bfc110d20042,numbered,99570,completed,sold,1,2026-06-08 16:20:13.101236+00,2026-06-08 16:20:13.123485+00,2026-06-08 16:20:13.228467+00,0.104982,0.127231,
c5edb5ad-3b4c-48dd-856e-cef340fbb980,numbered,57508,completed,sold,1,2026-06-08 16:20:13.143113+00,2026-06-08 16:20:13.167847+00,2026-06-08 16:20:13.273492+00,0.105645,0.130379,
a3483289-f4fc-48ff-8cd6-679b870206a3,numbered,66586,completed,sold,1,2026-06-08 16:20:13.184776+00,2026-06-08 16:20:13.207638+00,2026-06-08 16:20:13.3124+00,0.104762,0.127624,
5042f3ef-5511-427b-8137-5a4d0c803ae2,numbered,32156,completed,sold,1,2026-06-08 16:20:13.226164+00,2026-06-08 16:20:13.24895+00,2026-06-08 16:20:13.35371+00,0.104760,0.127546,
bf6c2c7d-bb35-430b-8726-4afe49f92573,numbered,10691,completed,sold,1,2026-06-08 16:20:13.267917+00,2026-06-08 16:20:13.290085+00,2026-06-08 16:20:13.395092+00,0.105007,0.127175,
46a0be78-157d-42ae-a3c3-a1005e9ec665,numbered,98073,completed,sold,1,2026-06-08 16:20:13.309495+00,2026-06-08 16:20:13.33527+00,2026-06-08 16:20:13.440855+00,0.105585,0.131360,
c1c885b1-3400-4613-befb-21fdad13236c,numbered,54745,completed,sold,1,2026-06-08 16:20:13.351138+00,2026-06-08 16:20:13.373174+00,2026-06-08 16:20:13.477788+00,0.104614,0.126650,
61f34902-7c27-4a74-9ef3-0a95ff960356,numbered,68873,completed,sold,1,2026-06-08 16:20:13.392744+00,2026-06-08 16:20:13.416277+00,2026-06-08 16:20:13.521197+00,0.104920,0.128453,
